rate_time,open,high,low,close,volume,readable_date
1770735600,1.36812,1.36967,1.36704,1.36774,15353,2026-02-10 15:00:00
1770732000,1.36855,1.36917,1.3666,1.36814,13889,2026-02-10 14:00:00
1770724800,1.36651,1.36655,1.36587,1.36632,5606,2026-02-10 12:00:00
1770728400,1.36633,1.36927,1.36623,1.36856,10860,2026-02-10 13:00:00
1668704400,1.17765,1.18115,1.17641,1.18082,8649,
1668708000,1.18086,1.18426,1.18085,1.18357,9277,
1668711600,1.18356,1.18632,1.18331,1.18506,7105,
1668729600,1.18627,1.1865999999999999,1.18559,1.1857199999999999,5344,
1668733200,1.18573,1.18943,1.18567,1.18887,5545,
1668736800,1.18886,1.19001,1.18808,1.18848,7445,
1668740400,1.18845,1.19087,1.18844,1.18951,7400,
1668744000,1.18953,1.193,1.1892800000000001,1.19177,6565,
1668747600,1.19176,1.1919,1.18862,1.18902,6280,
1668751200,1.18902,1.1903299999999999,1.18869,1.19018,5822,
1668754800,1.19019,1.1905999999999999,1.188,1.18992,7017,
1668758400,1.18998,1.1922,1.18847,1.19159,8931,
1668762000,1.19159,1.19168,1.18809,1.1905000000000001,12109,
1668765600,1.1905000000000001,1.19493,1.1893799999999999,1.1926,10080,
1668769200,1.1926,1.19309,1.19085,1.19085,6883,
1668772800,1.19091,1.1919,1.18889,1.19089,7716,
1668715200,1.18508,1.18579,1.18424,1.18502,6656,
1668718800,1.18504,1.18622,1.1840600000000001,1.18616,6138,
1668722400,1.18615,1.18666,1.18586,1.18629,1826,
1668726000,1.18615,1.18658,1.18586,1.18631,2602,
1668776400,1.19086,1.19395,1.18956,1.18988,6676,
1668780000,1.1898900000000001,1.19283,1.18915,1.19049,9241,
1668783600,1.19049,1.19093,1.18793,1.1884000000000001,10608,
1668787200,1.1884000000000001,1.19364,1.18723,1.1928,11302,
1668790800,1.19278,1.19322,1.18917,1.18994,7776,
1668794400,1.18994,1.19028,1.18714,1.18777,8091,
1668798000,1.18777,1.18887,1.18737,1.18791,6649,
1668801600,1.18792,1.1890100000000001,1.18749,1.18889,5457,
1668805200,1.18889,1.18992,1.18794,1.18825,5612,
1668808800,1.18825,1.18835,1.1878199999999999,1.1883,2717,
1668985200,1.18978,1.18983,1.18845,1.18871,265,
1668988800,1.18884,1.18955,1.18786,1.18832,5335,
1668992400,1.18833,1.18849,1.18616,1.18647,5326,
1668996000,1.18647,1.18675,1.18446,1.18555,6938,
1668999600,1.18554,1.18557,1.18351,1.1835499999999999,5921,
1669003200,1.1835499999999999,1.18535,1.18349,1.18532,4711,
1669006800,1.18532,1.18549,1.18269,1.18335,5320,
1669010400,1.18336,1.18342,1.18195,1.18313,6680,
1669014000,1.18313,1.18388,1.18053,1.18081,7275,
1669017600,1.18086,1.1838,1.18061,1.1817,7838,
1669021200,1.18169,1.1837,1.18049,1.18131,9929,
1669024800,1.18132,1.1819600000000001,1.17913,1.18041,9926,
1669028400,1.18042,1.18193,1.17969,1.18176,7817,
1669032000,1.18177,1.18288,1.18027,1.18075,6970,
1669035600,1.1807400000000001,1.18105,1.1783299999999999,1.18057,8289,
1669039200,1.18057,1.18151,1.17981,1.1807699999999999,8211,
1669042800,1.18078,1.1826,1.17968,1.18166,9375,
1669046400,1.18166,1.18234,1.17788,1.1783,9067,
1669050000,1.17831,1.17971,1.17771,1.17821,7858,
1669053600,1.17819,1.17997,1.17775,1.17919,7021,
1669057200,1.17916,1.18108,1.17895,1.18046,5635,
1669060800,1.18045,1.18228,1.18042,1.18133,4999,
1669064400,1.18133,1.18228,1.18035,1.18185,5682,
1669068000,1.18185,1.18237,1.18125,1.18221,2463,
1669071600,1.18234,1.18234,1.18171,1.18216,1227,
1669075200,1.18215,1.18259,1.18178,1.18252,5599,
1669078800,1.18253,1.18481,1.1820599999999999,1.18425,7247,
1669082400,1.18422,1.18583,1.18411,1.18515,6786,
1669086000,1.18515,1.18625,1.1847699999999999,1.18574,6801,
1669089600,1.18574,1.18619,1.18518,1.18563,5521,
1669093200,1.18563,1.18563,1.1848,1.18542,4871,
1669096800,1.18544,1.18551,1.18324,1.18431,7263,
1669100400,1.18432,1.1851099999999999,1.18309,1.18324,7040,
1669104000,1.18322,1.18494,1.18231,1.18461,7141,
1669107600,1.18466,1.18604,1.1828,1.18327,11092,
1669111200,1.18326,1.18824,1.18268,1.18587,9427,
1765954800,1.33836,1.33901,1.33721,1.33758,6542,2025-12-17 07:00:00
1765958400,1.33755,1.33774,1.33154,1.33229,12557,2025-12-17 08:00:00
1765962000,1.33228,1.33319,1.33117,1.33271,8620,2025-12-17 09:00:00
1765965600,1.33271,1.33355,1.33229,1.33257,8946,2025-12-17 10:00:00
1765969200,1.33258,1.33355,1.33203,1.33352,8163,2025-12-17 11:00:00
1765972800,1.33352,1.33375,1.33215,1.33274,7669,2025-12-17 12:00:00
1765976400,1.33274,1.33463,1.33261,1.33448,6809,2025-12-17 13:00:00
1765980000,1.33448,1.33592,1.3339699999999999,1.33564,10485,2025-12-17 14:00:00
1765983600,1.33563,1.3366500000000001,1.33487,1.3363,11622,2025-12-17 15:00:00
1765987200,1.3363,1.34003,1.33559,1.33994,14097,2025-12-17 16:00:00
1765990800,1.33995,1.34067,1.3385099999999999,1.33899,11239,2025-12-17 17:00:00
1765994400,1.33899,1.3395299999999999,1.3382,1.33871,8138,2025-12-17 18:00:00
1765998000,1.33871,1.33948,1.3373599999999999,1.33761,8255,2025-12-17 19:00:00
1766001600,1.33761,1.33809,1.33727,1.33768,6352,2025-12-17 20:00:00
1766005200,1.3376700000000001,1.33844,1.33747,1.33785,5204,2025-12-17 21:00:00
1766008800,1.33785,1.338,1.33741,1.33749,2820,2025-12-17 22:00:00
1766012400,1.33755,1.33815,1.33747,1.33775,1892,2025-12-17 23:00:00
1766026800,1.33647,1.33708,1.3364099999999999,1.33688,5387,2025-12-18 03:00:00
1766030400,1.33689,1.33712,1.33617,1.33646,4278,2025-12-18 04:00:00
1766034000,1.33647,1.33691,1.33637,1.33685,3632,2025-12-18 05:00:00
1766037600,1.33685,1.33741,1.3366799999999999,1.3369900000000001,4233,2025-12-18 06:00:00
1766041200,1.3369900000000001,1.3371,1.33626,1.33673,5675,2025-12-18 07:00:00
1766098800,1.33798,1.33849,1.3378700000000001,1.33813,1175,2025-12-18 23:00:00
1766102400,1.33796,1.33854,1.33791,1.33836,2380,2025-12-19 00:00:00
1766142000,1.33819,1.33867,1.33742,1.33809,7341,2025-12-19 11:00:00
1766145600,1.33812,1.33822,1.33691,1.33725,7482,2025-12-19 12:00:00
1766149200,1.33725,1.33788,1.33683,1.3373300000000001,6148,2025-12-19 13:00:00
1766152800,1.3373300000000001,1.33741,1.33575,1.33722,9155,2025-12-19 14:00:00
1766156400,1.33722,1.33868,1.33666,1.33705,13674,2025-12-19 15:00:00
1766160000,1.33705,1.33727,1.33571,1.33619,12276,2025-12-19 16:00:00
1766163600,1.33619,1.3378,1.33597,1.33775,9715,2025-12-19 17:00:00
1766174400,1.3386,1.3392,1.33819,1.3390900000000001,7372,2025-12-19 20:00:00
1766178000,1.33908,1.33941,1.3373599999999999,1.3374,4616,2025-12-19 21:00:00
1768291200,1.34726,1.34738,1.3462399999999999,1.34671,6428,2026-01-13 08:00:00
1768294800,1.34671,1.34779,1.34636,1.34766,9510,2026-01-13 09:00:00
1768298400,1.34766,1.34854,1.34735,1.3481,7481,2026-01-13 10:00:00
1670544000,1.22317,1.22352,1.223,1.22327,3822,
1764601200,1.3266,1.32663,1.3244,1.32494,14886,2025-12-01 15:00:00
1766106000,1.33836,1.3385799999999999,1.33781,1.3384800000000001,5127,2025-12-19 01:00:00
1766109600,1.3384800000000001,1.33868,1.33789,1.33826,6670,2025-12-19 02:00:00
1766113200,1.3382399999999999,1.33862,1.33777,1.33792,5872,2025-12-19 03:00:00
1766116800,1.33792,1.33822,1.33732,1.33777,7345,2025-12-19 04:00:00
1766120400,1.33776,1.33802,1.33696,1.33723,5967,2025-12-19 05:00:00
1766124000,1.33722,1.33768,1.33722,1.33757,3775,2025-12-19 06:00:00
1766127600,1.33757,1.33856,1.33703,1.33834,7991,2025-12-19 07:00:00
1766131200,1.33835,1.3385500000000001,1.33631,1.33654,8934,2025-12-19 08:00:00
1766138400,1.33742,1.33877,1.33725,1.33818,8974,2025-12-19 10:00:00
1765152000,1.33286,1.3332,1.3324,1.33259,4032,2025-12-08 00:00:00
1766181600,1.33742,1.33798,1.33727,1.33756,2974,2025-12-19 22:00:00
1766358000,1.33868,1.33914,1.3381,1.33818,1084,2025-12-21 23:00:00
1766379600,1.33931,1.34018,1.33924,1.3399,3427,2025-12-22 05:00:00
1765753200,1.33778,1.33782,1.33623,1.3372,2113,2025-12-14 23:00:00
1767034800,1.34856,1.34959,1.34844,1.34911,8661,2025-12-29 19:00:00
1767038400,1.34911,1.35084,1.3489200000000001,1.35069,7197,2025-12-29 20:00:00
1767052800,1.35083,1.35096,1.35047,1.3509,2584,2025-12-30 00:00:00
1768363200,1.34362,1.34478,1.34361,1.34449,5013,2026-01-14 04:00:00
1768366800,1.3445,1.34463,1.3439,1.3439999999999999,3112,2026-01-14 05:00:00
1768370400,1.3439999999999999,1.3442,1.34355,1.34357,4451,2026-01-14 06:00:00
1768467600,1.34345,1.34439,1.34267,1.34388,9080,2026-01-15 09:00:00
1768471200,1.34388,1.34452,1.34355,1.34368,9300,2026-01-15 10:00:00
1768514400,1.33756,1.33846,1.33754,1.3382800000000001,2485,2026-01-15 22:00:00
1768518000,1.33771,1.33833,1.33771,1.33792,1310,2026-01-15 23:00:00
1768521600,1.33808,1.33826,1.3378700000000001,1.3381,2754,2026-01-16 00:00:00
1768525200,1.3381,1.33825,1.33705,1.3377,5798,2026-01-16 01:00:00
1768528800,1.3377,1.33838,1.33753,1.33798,6267,2026-01-16 02:00:00
1768532400,1.3379699999999999,1.33884,1.33788,1.33842,8499,2026-01-16 03:00:00
1768536000,1.33842,1.33911,1.3383,1.3390900000000001,5759,2026-01-16 04:00:00
1768539600,1.3391,1.33914,1.33881,1.33891,3446,2026-01-16 05:00:00
1768885200,1.34356,1.3443100000000001,1.34353,1.34408,4832,2026-01-20 05:00:00
1768903200,1.34784,1.34891,1.34703,1.34752,14176,2026-01-20 10:00:00
1768906800,1.3475,1.34852,1.34646,1.34799,12207,2026-01-20 11:00:00
1768910400,1.3479999999999999,1.34828,1.3459400000000001,1.34635,10072,2026-01-20 12:00:00
1768914000,1.34635,1.3466,1.34395,1.34459,11344,2026-01-20 13:00:00
1768917600,1.34458,1.34795,1.3441,1.34523,17224,2026-01-20 14:00:00
1768921200,1.34524,1.34628,1.34406,1.34581,18157,2026-01-20 15:00:00
1768924800,1.34581,1.3477299999999999,1.34524,1.34568,15280,2026-01-20 16:00:00
1768928400,1.34568,1.34707,1.34536,1.34695,12326,2026-01-20 17:00:00
1768935600,1.3456299999999999,1.34575,1.34424,1.3443100000000001,6165,2026-01-20 19:00:00
1768939200,1.3443,1.34453,1.34269,1.3427799999999999,6690,2026-01-20 20:00:00
1768942800,1.3427799999999999,1.34358,1.34254,1.34337,7547,2026-01-20 21:00:00
1768946400,1.34336,1.34437,1.34322,1.3443,4408,2026-01-20 22:00:00
1768957200,1.34405,1.34428,1.34334,1.34426,5021,2026-01-21 01:00:00
1768960800,1.34425,1.34568,1.34397,1.34523,9214,2026-01-21 02:00:00
1768964400,1.34522,1.34546,1.34435,1.3444099999999999,6387,2026-01-21 03:00:00
1768968000,1.3444099999999999,1.3446500000000001,1.34333,1.3440400000000001,6760,2026-01-21 04:00:00
1769000400,1.34098,1.34263,1.34015,1.34249,11905,2026-01-21 13:00:00
1769004000,1.34249,1.34442,1.34124,1.34419,12105,2026-01-21 14:00:00
1768345200,1.3425,1.34268,1.34223,1.34227,1182,2026-01-13 23:00:00
1768348800,1.34233,1.34284,1.34226,1.34257,1340,2026-01-14 00:00:00
1768352400,1.34257,1.34273,1.3421,1.34271,4720,2026-01-14 01:00:00
1768356000,1.34272,1.34272,1.34198,1.34227,6469,2026-01-14 02:00:00
1768359600,1.34227,1.3437299999999999,1.34212,1.34359,6984,2026-01-14 03:00:00
1766390400,1.3394,1.34191,1.3394,1.34138,5917,2025-12-22 08:00:00
1766361600,1.33791,1.33845,1.33747,1.3378999999999999,7665,2025-12-22 00:00:00
1766376000,1.33927,1.3397299999999999,1.33917,1.33931,4390,2025-12-22 04:00:00
1766383200,1.33991,1.3401100000000001,1.33959,1.33972,3506,2025-12-22 06:00:00
1766386800,1.33971,1.34002,1.3391899999999999,1.3394,5060,2025-12-22 07:00:00
1766394000,1.34137,1.34239,1.34096,1.342,8240,2025-12-22 09:00:00
1766397600,1.34199,1.3424800000000001,1.34105,1.34244,7609,2025-12-22 10:00:00
1766401200,1.34244,1.34402,1.34244,1.34352,8041,2025-12-22 11:00:00
1766404800,1.34352,1.34423,1.34323,1.34387,7187,2025-12-22 12:00:00
1766408400,1.34387,1.34421,1.34263,1.34335,8308,2025-12-22 13:00:00
1766412000,1.34335,1.34443,1.34315,1.34378,9753,2025-12-22 14:00:00
1769158800,1.34924,1.35026,1.34826,1.3501400000000001,12496,2026-01-23 09:00:00
1769162400,1.3501400000000001,1.3535,1.34986,1.35302,12999,2026-01-23 10:00:00
1769187600,1.35644,1.35979,1.35611,1.35884,14576,2026-01-23 17:00:00
1769191200,1.35884,1.3623,1.35863,1.36083,17781,2026-01-23 18:00:00
1769194800,1.36083,1.36094,1.35921,1.36055,14455,2026-01-23 19:00:00
1769198400,1.36055,1.36293,1.36053,1.36237,10965,2026-01-23 20:00:00
1769202000,1.36237,1.36384,1.3621699999999999,1.36367,8060,2026-01-23 21:00:00
1769205600,1.36368,1.36466,1.36323,1.36449,7462,2026-01-23 22:00:00
1769382000,1.3667,1.36843,1.3664,1.36795,1193,2026-01-25 23:00:00
1769385600,1.3679700000000001,1.36807,1.36548,1.36649,7012,2026-01-26 00:00:00
1769389200,1.36649,1.36673,1.36433,1.36672,11302,2026-01-26 01:00:00
1769392800,1.36672,1.36746,1.36587,1.36611,11971,2026-01-26 02:00:00
1769396400,1.3660999999999999,1.3679700000000001,1.36591,1.36692,9630,2026-01-26 03:00:00
1769400000,1.36692,1.36693,1.36552,1.36598,6838,2026-01-26 04:00:00
1769403600,1.36599,1.36679,1.36534,1.36601,6695,2026-01-26 05:00:00
1769418000,1.36465,1.36681,1.3643100000000001,1.36624,12897,2026-01-26 09:00:00
1769428800,1.3670900000000001,1.36737,1.36651,1.36663,9210,2026-01-26 12:00:00
1769432400,1.36662,1.3673,1.36481,1.36531,8988,2026-01-26 13:00:00
1769436000,1.36531,1.36619,1.36432,1.36616,10529,2026-01-26 14:00:00
1769439600,1.36616,1.36917,1.36582,1.36913,12762,2026-01-26 15:00:00
1769443200,1.36913,1.3712900000000001,1.3688500000000001,1.3707799999999999,14231,2026-01-26 16:00:00
1769446800,1.37077,1.37134,1.36933,1.36967,13747,2026-01-26 17:00:00
1769450400,1.36967,1.37043,1.3685800000000001,1.36882,10040,2026-01-26 18:00:00
1769454000,1.36882,1.37015,1.36852,1.36886,9296,2026-01-26 19:00:00
1769457600,1.36886,1.36886,1.36755,1.3682400000000001,9019,2026-01-26 20:00:00
1769461200,1.36823,1.3686,1.36791,1.36804,7922,2026-01-26 21:00:00
1766365200,1.33788,1.33903,1.33785,1.33895,12055,2025-12-22 01:00:00
1766368800,1.33895,1.33983,1.33895,1.33959,15088,2025-12-22 02:00:00
1766372400,1.33959,1.33999,1.3391600000000001,1.33927,3322,2025-12-22 03:00:00
1766415600,1.34378,1.34572,1.3431600000000001,1.34504,9273,2025-12-22 15:00:00
1766422800,1.34537,1.34583,1.3446799999999999,1.34558,8757,2025-12-22 17:00:00
1766426400,1.34557,1.3477700000000001,1.34557,1.34708,7678,2025-12-22 18:00:00
1766430000,1.34708,1.3471,1.34564,1.34619,6519,2025-12-22 19:00:00
1766433600,1.34619,1.3464,1.3454,1.34584,6183,2025-12-22 20:00:00
1766437200,1.34584,1.3463,1.34545,1.34577,5388,2025-12-22 21:00:00
1766440800,1.34577,1.34628,1.34564,1.34626,2799,2025-12-22 22:00:00
1766444400,1.34606,1.34656,1.34598,1.34625,4309,2025-12-22 23:00:00
1766448000,1.34639,1.34697,1.34636,1.3468,1861,2025-12-23 00:00:00
1675738800,1.20508,1.20509,1.2045,1.20497,3789,
1766451600,1.3468,1.34764,1.3468,1.3471899999999999,3242,2025-12-23 01:00:00
1766455200,1.34718,1.34836,1.34695,1.34769,5555,2025-12-23 02:00:00
1766458800,1.34769,1.3486099999999999,1.34769,1.34826,5218,2025-12-23 03:00:00
1766462400,1.34826,1.3489900000000001,1.3480400000000001,1.3489,6013,2025-12-23 04:00:00
1766466000,1.3489,1.34923,1.34854,1.34879,5350,2025-12-23 05:00:00
1766469600,1.34879,1.34937,1.34869,1.3489,4989,2025-12-23 06:00:00
1766473200,1.34889,1.34901,1.34798,1.34811,6459,2025-12-23 07:00:00
1766476800,1.34809,1.35031,1.34808,1.35018,6913,2025-12-23 08:00:00
1766480400,1.35018,1.3511600000000001,1.3496299999999999,1.35098,8850,2025-12-23 09:00:00
1766484000,1.35098,1.35186,1.34969,1.35056,11661,2025-12-23 10:00:00
1766487600,1.35056,1.35174,1.35011,1.35158,9856,2025-12-23 11:00:00
1766491200,1.35158,1.35188,1.35032,1.35035,6606,2025-12-23 12:00:00
1766494800,1.35035,1.3511,1.35016,1.3502399999999999,7965,2025-12-23 13:00:00
1766498400,1.35023,1.35129,1.34942,1.34946,13121,2025-12-23 14:00:00
1766502000,1.34947,1.35004,1.34832,1.34842,14312,2025-12-23 15:00:00
1766505600,1.34842,1.34966,1.34725,1.3483800000000001,13605,2025-12-23 16:00:00
1766509200,1.3483800000000001,1.34878,1.3479,1.34849,10436,2025-12-23 17:00:00
1766512800,1.34849,1.3487,1.34711,1.34732,7251,2025-12-23 18:00:00
1766516400,1.34732,1.34898,1.3472,1.3489499999999999,5584,2025-12-23 19:00:00
1763992800,1.31118,1.3118,1.31043,1.31055,9478,2025-11-24 14:00:00
1766520000,1.34897,1.34976,1.34886,1.34971,5773,2025-12-23 20:00:00
1766523600,1.34971,1.35004,1.34942,1.34994,4168,2025-12-23 21:00:00
1766527200,1.34994,1.35241,1.34988,1.35183,2501,2025-12-23 22:00:00
1766530800,1.3517000000000001,1.35239,1.35038,1.35163,1726,2025-12-23 23:00:00
1766534400,1.35147,1.35174,1.35101,1.35131,2414,2025-12-24 00:00:00
1766538000,1.35131,1.35172,1.35071,1.35148,4944,2025-12-24 01:00:00
1766541600,1.3514599999999999,1.3532,1.3511,1.35291,6658,2025-12-24 02:00:00
1767816000,1.34694,1.34708,1.34623,1.34645,7103,2026-01-07 20:00:00
1767819600,1.34646,1.3468,1.3461400000000001,1.34626,7008,2026-01-07 21:00:00
1770386400,1.3589,1.3596300000000001,1.35821,1.35889,9240,2026-02-06 14:00:00
1770397200,1.36143,1.36164,1.36017,1.36043,10258,2026-02-06 17:00:00
1770368400,1.3566500000000001,1.35724,1.35582,1.35681,11612,2026-02-06 09:00:00
1770415200,1.36189,1.36223,1.36086,1.36118,3434,2026-02-06 22:00:00
1770411600,1.36161,1.36199,1.36129,1.36188,4044,2026-02-06 21:00:00
1770400800,1.36043,1.36235,1.36017,1.36182,7851,2026-02-06 18:00:00
1770382800,1.35843,1.3595,1.35835,1.35889,7476,2026-02-06 13:00:00
1770379200,1.35766,1.35923,1.35761,1.35845,8027,2026-02-06 12:00:00
1770372000,1.35683,1.35822,1.3566,1.35771,11588,2026-02-06 10:00:00
1770357600,1.35595,1.35701,1.35584,1.35696,6242,2026-02-06 06:00:00
1770404400,1.36182,1.36232,1.36132,1.36142,6838,2026-02-06 19:00:00
1770408000,1.36142,1.36209,1.36124,1.36162,6161,2026-02-06 20:00:00
1770393600,1.3609200000000001,1.36155,1.35938,1.36143,12813,2026-02-06 16:00:00
1770364800,1.35716,1.35791,1.35635,1.3566500000000001,8066,2026-02-06 08:00:00
1770361200,1.35696,1.35785,1.35674,1.35715,7463,2026-02-06 07:00:00
1770390000,1.35889,1.36099,1.3587500000000001,1.3609200000000001,14020,2026-02-06 15:00:00
1770375600,1.35771,1.35839,1.3571900000000001,1.35766,7615,2026-02-06 11:00:00
1770591600,1.3598,1.36053,1.35975,1.36029,467,2026-02-08 23:00:00
1764547200,1.32336,1.3249,1.3233,1.32393,3943,2025-12-01 00:00:00
1767657600,1.35418,1.35418,1.35318,1.3532199999999999,1415,2026-01-06 00:00:00
1767661200,1.3532199999999999,1.35358,1.35281,1.35357,5220,2026-01-06 01:00:00
1767664800,1.35358,1.35463,1.35316,1.35462,7914,2026-01-06 02:00:00
1767668400,1.35462,1.35578,1.3541699999999999,1.35567,6488,2026-01-06 03:00:00
1767672000,1.35565,1.3562400000000001,1.3550900000000001,1.3559,5266,2026-01-06 04:00:00
1767675600,1.35589,1.35617,1.35541,1.35558,4693,2026-01-06 05:00:00
1767679200,1.35559,1.3558,1.3546,1.35495,5470,2026-01-06 06:00:00
1767682800,1.35495,1.35579,1.35484,1.3555,6142,2026-01-06 07:00:00
1767686400,1.35554,1.35679,1.35471,1.35507,7868,2026-01-06 08:00:00
1767690000,1.35504,1.3566799999999999,1.3547500000000001,1.3553899999999999,10141,2026-01-06 09:00:00
1767693600,1.3553899999999999,1.35549,1.3535599999999999,1.35358,10811,2026-01-06 10:00:00
1767697200,1.35358,1.35399,1.35298,1.35328,10412,2026-01-06 11:00:00
1767700800,1.3532899999999999,1.35349,1.35175,1.35206,8168,2026-01-06 12:00:00
1767704400,1.35206,1.35291,1.3508200000000001,1.35118,8367,2026-01-06 13:00:00
1767708000,1.35118,1.35242,1.35066,1.35241,11747,2026-01-06 14:00:00
1767711600,1.35241,1.35347,1.35156,1.35252,14661,2026-01-06 15:00:00
1767812400,1.34732,1.34738,1.34681,1.34693,6784,2026-01-07 19:00:00
1770660000,1.3666,1.3676,1.36636,1.36718,7076,2026-02-09 18:00:00
1770649200,1.36511,1.36531,1.36216,1.36445,17389,2026-02-09 15:00:00
1770645600,1.36603,1.36701,1.36429,1.36511,13858,2026-02-09 14:00:00
1770627600,1.36043,1.36107,1.35865,1.36016,10552,2026-02-09 09:00:00
1770656400,1.36778,1.3691200000000001,1.36624,1.3666,10667,2026-02-09 17:00:00
1770642000,1.36374,1.36622,1.36374,1.36603,8841,2026-02-09 13:00:00
1766725200,1.35057,1.35084,1.34999,1.35002,6125,2025-12-26 05:00:00
1766728800,1.35002,1.35002,1.34867,1.34946,5316,2025-12-26 06:00:00
1766732400,1.34946,1.35003,1.34877,1.34897,9661,2025-12-26 07:00:00
1766736000,1.34897,1.34909,1.34798,1.34828,10139,2025-12-26 08:00:00
1766739600,1.3483,1.34966,1.34774,1.34959,8808,2025-12-26 09:00:00
1766743200,1.34958,1.3498299999999999,1.3483100000000001,1.34854,9438,2025-12-26 10:00:00
1766746800,1.34853,1.34951,1.34837,1.34885,10103,2025-12-26 11:00:00
1766750400,1.34885,1.34978,1.34885,1.34947,10474,2025-12-26 12:00:00
1766754000,1.34947,1.34973,1.34885,1.34966,8325,2025-12-26 13:00:00
1766757600,1.34966,1.35273,1.34947,1.35169,12026,2025-12-26 14:00:00
1766761200,1.35169,1.35214,1.35072,1.35159,13210,2025-12-26 15:00:00
1766764800,1.35159,1.35257,1.35036,1.35069,11960,2025-12-26 16:00:00
1766768400,1.35068,1.35076,1.34826,1.34877,12850,2025-12-26 17:00:00
1766772000,1.3488,1.34973,1.34816,1.3495,12601,2025-12-26 18:00:00
1766775600,1.3495,1.35,1.3492899999999999,1.34962,11531,2025-12-26 19:00:00
1766779200,1.34961,1.35002,1.34903,1.35002,8599,2025-12-26 20:00:00
1766782800,1.35001,1.35066,1.34991,1.35032,5698,2025-12-26 21:00:00
1766786400,1.35033,1.35058,1.3492899999999999,1.34994,5031,2025-12-26 22:00:00
1766962800,1.3492600000000001,1.35011,1.34896,1.34998,1226,2025-12-28 23:00:00
1766545200,1.3529200000000001,1.35343,1.3526799999999999,1.35273,5814,2025-12-24 03:00:00
1766548800,1.35275,1.35277,1.35156,1.35165,6303,2025-12-24 04:00:00
1766552400,1.35165,1.35167,1.35096,1.35138,4885,2025-12-24 05:00:00
1766559600,1.3519,1.35243,1.35164,1.3520699999999999,6755,2025-12-24 07:00:00
1766563200,1.3520699999999999,1.35233,1.35094,1.35107,7820,2025-12-24 08:00:00
1766566800,1.3510499999999999,1.35224,1.35026,1.35221,9348,2025-12-24 09:00:00
1766570400,1.35222,1.35279,1.35205,1.35221,6381,2025-12-24 10:00:00
1766574000,1.3522,1.35239,1.35125,1.35168,7554,2025-12-24 11:00:00
1766577600,1.35168,1.35192,1.3510900000000001,1.35142,7520,2025-12-24 12:00:00
1766581200,1.35142,1.35144,1.3501400000000001,1.35037,6963,2025-12-24 13:00:00
1766714400,1.35099,1.35229,1.35084,1.35128,9002,2025-12-26 02:00:00
1766718000,1.35127,1.35192,1.3510900000000001,1.35168,6724,2025-12-26 03:00:00
1766721600,1.35169,1.35176,1.35049,1.35058,6514,2025-12-26 04:00:00
1770624000,1.36155,1.36157,1.35881,1.36043,9815,2026-02-09 08:00:00
1770638400,1.36091,1.36452,1.3593600000000001,1.36374,11027,2026-02-09 12:00:00
1770631200,1.36016,1.36124,1.35961,1.36007,8823,2026-02-09 10:00:00
1770652800,1.36442,1.36876,1.3644,1.36778,13826,2026-02-09 16:00:00
1770634800,1.36007,1.36144,1.35937,1.36093,9569,2026-02-09 11:00:00
1766019600,1.33735,1.3377,1.33697,1.3376000000000001,4402,2025-12-18 01:00:00
1766023200,1.3376000000000001,1.33791,1.33618,1.33647,6902,2025-12-18 02:00:00
1767380400,1.34628,1.34639,1.34464,1.34515,7811,2026-01-02 19:00:00
1767567600,1.3454,1.34595,1.34497,1.34524,1719,2026-01-04 23:00:00
1767603600,1.3423,1.34388,1.34175,1.3425799999999999,10655,2026-01-05 09:00:00
1767607200,1.34259,1.34436,1.34222,1.34429,8430,2026-01-05 10:00:00
1767610800,1.34429,1.34647,1.3440699999999999,1.34632,9539,2026-01-05 11:00:00
1767614400,1.34632,1.3471,1.34581,1.34595,9574,2026-01-05 12:00:00
1767618000,1.3459400000000001,1.34742,1.3452899999999999,1.3456000000000001,8927,2026-01-05 13:00:00
1767621600,1.3456000000000001,1.34573,1.3425,1.3452899999999999,11691,2026-01-05 14:00:00
1767625200,1.3452899999999999,1.34767,1.34508,1.34725,15135,2026-01-05 15:00:00
1767628800,1.34723,1.3504,1.34723,1.35028,14436,2026-01-05 16:00:00
1767632400,1.35029,1.35254,1.35028,1.35253,11675,2026-01-05 17:00:00
1767636000,1.35252,1.35395,1.35244,1.35328,9334,2026-01-05 18:00:00
1767639600,1.35328,1.35394,1.35289,1.35394,6850,2026-01-05 19:00:00
1767643200,1.35395,1.3546,1.3535599999999999,1.35432,7526,2026-01-05 20:00:00
1767646800,1.35432,1.35465,1.3542100000000001,1.35434,5278,2026-01-05 21:00:00
1767650400,1.35434,1.35484,1.35401,1.35429,2891,2026-01-05 22:00:00
1767654000,1.35418,1.35435,1.35408,1.3541,1580,2026-01-05 23:00:00
1767823200,1.34626,1.34628,1.34564,1.34579,1817,2026-01-07 22:00:00
1767826800,1.34603,1.34627,1.34589,1.34596,1341,2026-01-07 23:00:00
1767830400,1.34584,1.34593,1.34564,1.3458700000000001,1241,2026-01-08 00:00:00
1767834000,1.3458700000000001,1.34607,1.34565,1.34584,4334,2026-01-08 01:00:00
1767837600,1.34583,1.34609,1.3453300000000001,1.34557,6357,2026-01-08 02:00:00
1767841200,1.34558,1.34596,1.34507,1.34565,6283,2026-01-08 03:00:00
1767844800,1.34566,1.34657,1.34564,1.34637,5959,2026-01-08 04:00:00
1767848400,1.34637,1.34637,1.3458700000000001,1.34604,4737,2026-01-08 05:00:00
1767852000,1.34604,1.3461,1.34525,1.34582,6156,2026-01-08 06:00:00
1767855600,1.34583,1.34618,1.34523,1.34601,7983,2026-01-08 07:00:00
1767859200,1.34601,1.34607,1.34453,1.34456,7623,2026-01-08 08:00:00
1768284000,1.3473899999999999,1.34769,1.3471,1.34724,5712,2026-01-13 06:00:00
1768287600,1.34724,1.34728,1.34626,1.34726,6699,2026-01-13 07:00:00
1768302000,1.3481,1.34836,1.34698,1.34714,7360,2026-01-13 11:00:00
1768305600,1.34714,1.34738,1.34674,1.34725,5624,2026-01-13 12:00:00
1768309200,1.34726,1.34732,1.34583,1.34609,6374,2026-01-13 13:00:00
1760547600,1.33652,1.34033,1.33621,1.33939,13412,2025-10-15 17:00:00
1760551200,1.33941,1.33947,1.33844,1.33908,10413,2025-10-15 18:00:00
1766016000,1.33762,1.33774,1.33732,1.33734,1429,2025-12-18 00:00:00
1770613200,1.35991,1.3605800000000001,1.3599,1.36046,2371,2026-02-09 05:00:00
1767351600,1.3455,1.34585,1.34442,1.345,8086,2026-01-02 11:00:00
1767355200,1.3449900000000001,1.34525,1.34342,1.3441,7887,2026-01-02 12:00:00
1767358800,1.3441,1.3449499999999999,1.34362,1.34456,7425,2026-01-02 13:00:00
1767362400,1.34456,1.3459699999999999,1.34422,1.34577,8448,2026-01-02 14:00:00
1767366000,1.34576,1.3468200000000001,1.34534,1.34649,10352,2026-01-02 15:00:00
1767369600,1.34649,1.3502,1.34644,1.34971,13206,2026-01-02 16:00:00
1767373200,1.34971,1.3498700000000001,1.34733,1.34778,10993,2026-01-02 17:00:00
1767376800,1.34778,1.34782,1.3461400000000001,1.34628,8161,2026-01-02 18:00:00
1768312800,1.3461,1.34948,1.34544,1.34754,17562,2026-01-13 14:00:00
1768316400,1.34753,1.3477299999999999,1.34515,1.34588,17606,2026-01-13 15:00:00
1768327200,1.3434300000000001,1.34378,1.34274,1.34336,8983,2026-01-13 18:00:00
1768330800,1.34337,1.3441,1.34243,1.34398,8195,2026-01-13 19:00:00
1768334400,1.34398,1.34399,1.3427799999999999,1.34349,6589,2026-01-13 20:00:00
1768338000,1.34349,1.34362,1.34293,1.34305,6204,2026-01-13 21:00:00
1768341600,1.34305,1.3431600000000001,1.34218,1.34222,2127,2026-01-13 22:00:00
1769007600,1.34419,1.34564,1.34227,1.34509,19540,2026-01-21 15:00:00
1770609600,1.36044,1.36079,1.35988,1.35991,3320,2026-02-09 04:00:00
1770595200,1.36019,1.3611900000000001,1.35879,1.36097,6295,2026-02-09 00:00:00
1770606000,1.36014,1.3609200000000001,1.3590900000000001,1.36043,5356,2026-02-09 03:00:00
1766966400,1.3492199999999999,1.35012,1.3489,1.34973,4850,2025-12-29 00:00:00
1767045600,1.3505,1.35159,1.35036,1.3513600000000001,3009,2025-12-29 22:00:00
1767049200,1.3506,1.3511199999999999,1.35006,1.3502100000000001,2541,2025-12-29 23:00:00
1767056400,1.3509,1.35103,1.34999,1.35027,4032,2025-12-30 01:00:00
1767060000,1.35027,1.35095,1.34977,1.3509,5884,2025-12-30 02:00:00
1767063600,1.35091,1.3512,1.35007,1.35027,5140,2025-12-30 03:00:00
1767312000,1.34729,1.3477000000000001,1.34704,1.34742,1340,2026-01-02 00:00:00
1767319200,1.34817,1.34881,1.3481,1.34878,4265,2026-01-02 02:00:00
1767322800,1.34878,1.34914,1.34866,1.34881,3518,2026-01-02 03:00:00
1767326400,1.34881,1.34901,1.34844,1.3486799999999999,2839,2026-01-02 04:00:00
1767330000,1.34869,1.34876,1.3477999999999999,1.3479,3181,2026-01-02 05:00:00
1767333600,1.3479,1.34809,1.34696,1.34711,2378,2026-01-02 06:00:00
1767337200,1.34711,1.34714,1.34636,1.3467799999999999,3425,2026-01-02 07:00:00
1767340800,1.3467799999999999,1.34707,1.34578,1.34643,6948,2026-01-02 08:00:00
1767344400,1.34643,1.34689,1.3449200000000001,1.34538,9820,2026-01-02 09:00:00
1767348000,1.34538,1.34644,1.34509,1.3455,8569,2026-01-02 10:00:00
1770602400,1.36115,1.36128,1.35985,1.36014,7863,2026-02-09 02:00:00
1770598800,1.36096,1.36206,1.36056,1.36114,8803,2026-02-09 01:00:00
1770620400,1.36142,1.3629,1.3605,1.3616,9138,2026-02-09 07:00:00
1769011200,1.34508,1.34593,1.3424800000000001,1.34272,15178,2026-01-21 16:00:00
1769014800,1.34272,1.3441,1.34239,1.34279,14879,2026-01-21 17:00:00
1769018400,1.3427799999999999,1.34384,1.34164,1.3428,12705,2026-01-21 18:00:00
1769022000,1.34279,1.3428,1.3418700000000001,1.34215,8910,2026-01-21 19:00:00
1769025600,1.34216,1.34307,1.34097,1.34257,13151,2026-01-21 20:00:00
1769029200,1.34257,1.34263,1.3412600000000001,1.3424800000000001,9713,2026-01-21 21:00:00
1769032800,1.3424800000000001,1.34328,1.34234,1.34327,4436,2026-01-21 22:00:00
1769068800,1.34259,1.34374,1.3423,1.34313,8070,2026-01-22 08:00:00
1769076000,1.3418700000000001,1.34466,1.34175,1.34442,9479,2026-01-22 10:00:00
1769079600,1.3444099999999999,1.34508,1.34366,1.34477,8599,2026-01-22 11:00:00
1769083200,1.34476,1.3452899999999999,1.34017,1.34209,14628,2026-01-22 12:00:00
1769086800,1.34209,1.34419,1.34154,1.34256,10932,2026-01-22 13:00:00
1769414400,1.36562,1.3676300000000001,1.36444,1.36466,12091,2026-01-26 08:00:00
1769464800,1.36804,1.36867,1.36746,1.3679000000000001,4052,2026-01-26 22:00:00
1769468400,1.36779,1.36801,1.3673199999999999,1.36782,1994,2026-01-26 23:00:00
1769472000,1.36783,1.36795,1.36744,1.36748,2248,2026-01-27 00:00:00
1769608800,1.37937,1.37942,1.37649,1.37702,14155,2026-01-28 14:00:00
1769641200,1.38066,1.38083,1.37995,1.38035,8202,2026-01-28 23:00:00
1769644800,1.38045,1.38306,1.38014,1.38273,5375,2026-01-29 00:00:00
1769648400,1.38272,1.38351,1.38141,1.38208,10727,2026-01-29 01:00:00
1769652000,1.38208,1.38208,1.38002,1.3803,13857,2026-01-29 02:00:00
1769695200,1.38134,1.38184,1.37976,1.38061,15043,2026-01-29 14:00:00
1769698800,1.38063,1.38341,1.3804400000000001,1.3826800000000001,19403,2026-01-29 15:00:00
1769702400,1.38269,1.38274,1.37424,1.37638,33232,2026-01-29 16:00:00
1769706000,1.37638,1.37996,1.376,1.37927,23848,2026-01-29 17:00:00
1770109200,1.36971,1.36998,1.36767,1.3686,12508,2026-02-03 09:00:00
1770112800,1.3686099999999999,1.3691200000000001,1.36665,1.3666800000000001,13732,2026-02-03 10:00:00
1770123600,1.36509,1.36832,1.36509,1.36818,11865,2026-02-03 13:00:00
1770120000,1.36555,1.36624,1.36507,1.36508,9887,2026-02-03 12:00:00
1770105600,1.36924,1.37065,1.36835,1.36972,11939,2026-02-03 08:00:00
1770116400,1.36669,1.36735,1.36552,1.36555,10985,2026-02-03 11:00:00
1770127200,1.36818,1.36897,1.367,1.36703,12839,2026-02-03 14:00:00
1771012800,1.36523,1.36555,1.36426,1.36433,8033,2026-02-13 20:00:00
1770199200,1.37296,1.37333,1.37012,1.3709,10264,2026-02-04 10:00:00
1770195600,1.37155,1.37334,1.37119,1.37296,10966,2026-02-04 09:00:00
1770192000,1.3713,1.37189,1.3706,1.37158,9031,2026-02-04 08:00:00
1770188400,1.37152,1.37219,1.37128,1.3713,8817,2026-02-04 07:00:00
1761652800,1.33253,1.33259,1.33042,1.33078,8587,2025-10-28 12:00:00
1761656400,1.33088,1.33137,1.32799,1.32842,11669,2025-10-28 13:00:00
1761660000,1.32842,1.32852,1.32476,1.32562,13344,2025-10-28 14:00:00
1761663600,1.32562,1.32788,1.32541,1.32765,12612,2025-10-28 15:00:00
1761667200,1.32765,1.32834,1.32675,1.32773,10851,2025-10-28 16:00:00
1761670800,1.32772,1.32912,1.32742,1.3289900000000001,10583,2025-10-28 17:00:00
1761674400,1.32898,1.3290199999999999,1.32757,1.32772,7823,2025-10-28 18:00:00
1761685200,1.3273,1.32791,1.32694,1.32718,2955,2025-10-28 21:00:00
1761688800,1.32735,1.32756,1.32713,1.3275000000000001,774,2025-10-28 22:00:00
1761692400,1.32751,1.32761,1.32705,1.32721,2200,2025-10-28 23:00:00
1761696000,1.32718,1.32789,1.32694,1.3278699999999999,2807,2025-10-29 00:00:00
1761699600,1.3278699999999999,1.3280699999999999,1.32683,1.32724,9700,2025-10-29 01:00:00
1761703200,1.32724,1.32743,1.32638,1.32642,7908,2025-10-29 02:00:00
1761706800,1.32642,1.32681,1.32571,1.32639,5532,2025-10-29 03:00:00
1761710400,1.32641,1.32644,1.32508,1.32525,5137,2025-10-29 04:00:00
1761714000,1.32525,1.32549,1.32494,1.32512,5499,2025-10-29 05:00:00
1761717600,1.32511,1.32514,1.32334,1.3235299999999999,6566,2025-10-29 06:00:00
1761721200,1.3235299999999999,1.32412,1.32251,1.32268,6142,2025-10-29 07:00:00
1761724800,1.32266,1.32345,1.32206,1.32284,9843,2025-10-29 08:00:00
1761728400,1.32284,1.3229600000000001,1.32086,1.32088,10237,2025-10-29 09:00:00
1761732000,1.32088,1.32285,1.31977,1.32203,9394,2025-10-29 10:00:00
1761735600,1.32202,1.3223,1.32144,1.32184,7895,2025-10-29 11:00:00
1761739200,1.32184,1.32252,1.32145,1.32178,8311,2025-10-29 12:00:00
1761742800,1.32178,1.32214,1.31969,1.32037,10493,2025-10-29 13:00:00
1761746400,1.32037,1.32244,1.31946,1.32063,12268,2025-10-29 14:00:00
1761750000,1.32063,1.32275,1.3202099999999999,1.32275,13090,2025-10-29 15:00:00
1761753600,1.32274,1.3247499999999999,1.32256,1.32416,13196,2025-10-29 16:00:00
1761757200,1.32416,1.32447,1.32267,1.32279,10615,2025-10-29 17:00:00
1761829200,1.31784,1.31856,1.31359,1.31376,11389,2025-10-30 13:00:00
1761832800,1.31375,1.31644,1.31166,1.31567,16211,2025-10-30 14:00:00
1761836400,1.31568,1.31806,1.3152,1.31574,15899,2025-10-30 15:00:00
1761840000,1.31576,1.31694,1.3145,1.31463,8621,2025-10-30 16:00:00
1761843600,1.3146200000000001,1.31604,1.31349,1.31555,8032,2025-10-30 17:00:00
1761847200,1.31556,1.3159399999999999,1.31461,1.31528,7754,2025-10-30 18:00:00
1761850800,1.31529,1.3158,1.3146,1.31474,7416,2025-10-30 19:00:00
1763967600,1.31024,1.3112,1.30987,1.30995,9271,2025-11-24 07:00:00
1769036400,1.34298,1.34353,1.3425099999999999,1.34306,3107,2026-01-21 23:00:00
1769040000,1.34289,1.34307,1.34179,1.34179,2307,2026-01-22 00:00:00
1769061600,1.3431600000000001,1.3431600000000001,1.34236,1.34291,5938,2026-01-22 06:00:00
1769072400,1.34313,1.34331,1.34096,1.34183,10862,2026-01-22 09:00:00
1765832400,1.33731,1.33757,1.33701,1.33741,5850,2025-12-15 21:00:00
1765836000,1.3374,1.3378700000000001,1.33718,1.33771,3385,2025-12-15 22:00:00
1760328000,1.33548,1.33633,1.33506,1.33522,3624,2025-10-13 04:00:00
1760331600,1.33522,1.3355299999999999,1.3348499999999999,1.33536,3442,2025-10-13 05:00:00
1760335200,1.33535,1.33603,1.33525,1.33566,2468,2025-10-13 06:00:00
1760403600,1.33311,1.33353,1.33267,1.33322,2357,2025-10-14 01:00:00
1767384000,1.34515,1.34581,1.34475,1.3455,8816,2026-01-02 20:00:00
1767387600,1.34551,1.34575,1.34496,1.34568,5267,2026-01-02 21:00:00
1767391200,1.34569,1.34669,1.3456299999999999,1.34599,2343,2026-01-02 22:00:00
1767585600,1.3431199999999999,1.34363,1.34139,1.34159,7280,2026-01-05 04:00:00
1767589200,1.34159,1.3428200000000001,1.34143,1.34257,6246,2026-01-05 05:00:00
1767592800,1.34256,1.3432,1.34231,1.3428200000000001,5618,2026-01-05 06:00:00
1767596400,1.34283,1.3437299999999999,1.34209,1.34358,7304,2026-01-05 07:00:00
1767600000,1.34357,1.34368,1.34205,1.34229,9056,2026-01-05 08:00:00
1768802400,1.33952,1.34061,1.33931,1.33949,9900,2026-01-19 06:00:00
1768806000,1.33949,1.3401,1.33942,1.33988,7242,2026-01-19 07:00:00
1768809600,1.33987,1.3410199999999999,1.33843,1.3389,10600,2026-01-19 08:00:00
1768813200,1.3389,1.34096,1.33873,1.34091,9710,2026-01-19 09:00:00
1768816800,1.34091,1.34157,1.33906,1.3406,11480,2026-01-19 10:00:00
1768820400,1.34061,1.3413300000000001,1.34053,1.341,8013,2026-01-19 11:00:00
1768824000,1.34098,1.34109,1.3402,1.34087,6973,2026-01-19 12:00:00
1768827600,1.34086,1.34147,1.34048,1.34059,6971,2026-01-19 13:00:00
1770084000,1.36803,1.36863,1.36744,1.36862,10048,2026-02-03 02:00:00
1770076800,1.36632,1.3673199999999999,1.36603,1.3673,2350,2026-02-03 00:00:00
1770080400,1.3672900000000001,1.36808,1.36711,1.36803,7349,2026-02-03 01:00:00
1768572000,1.34002,1.34083,1.33887,1.34036,10330,2026-01-16 14:00:00
1768575600,1.3403399999999999,1.34053,1.33952,1.33982,10210,2026-01-16 15:00:00
1768579200,1.33981,1.34039,1.33662,1.3378,18356,2026-01-16 16:00:00
1768582800,1.33779,1.33902,1.33775,1.33817,13154,2026-01-16 17:00:00
1768586400,1.33818,1.33868,1.3376299999999999,1.33785,9136,2026-01-16 18:00:00
1768590000,1.33785,1.33872,1.33738,1.33799,7055,2026-01-16 19:00:00
1768593600,1.33799,1.3385,1.3376000000000001,1.33819,7083,2026-01-16 20:00:00
1768597200,1.33819,1.33864,1.3378999999999999,1.33806,4063,2026-01-16 21:00:00
1770066000,1.36592,1.3668,1.36538,1.36659,8535,2026-02-02 21:00:00
1770087600,1.36863,1.36864,1.36714,1.36728,7840,2026-02-03 03:00:00
1770069600,1.36659,1.3669,1.36643,1.36688,4037,2026-02-02 22:00:00
1770073200,1.36649,1.3667099999999999,1.36645,1.36656,1696,2026-02-02 23:00:00
1768600800,1.33806,1.33829,1.33748,1.3378700000000001,3321,2026-01-16 22:00:00
1768777200,1.3354,1.33571,1.3345500000000001,1.33556,924,2026-01-18 23:00:00
1768780800,1.33539,1.34071,1.33538,1.3402,7659,2026-01-19 00:00:00
1768784400,1.3402,1.34089,1.33822,1.3401,13891,2026-01-19 01:00:00
1768788000,1.3401100000000001,1.34033,1.3391,1.3391899999999999,11650,2026-01-19 02:00:00
1768791600,1.3391899999999999,1.33935,1.33813,1.33868,10784,2026-01-19 03:00:00
1768795200,1.33867,1.33917,1.3385799999999999,1.33884,10143,2026-01-19 04:00:00
1768798800,1.3388499999999999,1.33965,1.3388200000000001,1.3395000000000001,8504,2026-01-19 05:00:00
1770091200,1.36728,1.36889,1.36714,1.3685,10502,2026-02-03 04:00:00
1770681600,1.36966,1.36969,1.36818,1.36823,2064,2026-02-10 00:00:00
1770667200,1.369,1.37005,1.36846,1.36971,7464,2026-02-09 20:00:00
1770674400,1.3695,1.37,1.36909,1.36967,4486,2026-02-09 22:00:00
1770663600,1.36717,1.3691499999999999,1.36647,1.36899,8862,2026-02-09 19:00:00
1770678000,1.36966,1.36996,1.36899,1.36964,1795,2026-02-09 23:00:00
1770670800,1.36971,1.36993,1.3692,1.3695,6255,2026-02-09 21:00:00
1761854400,1.31474,1.31505,1.31394,1.31445,6382,2025-10-30 20:00:00
1761858000,1.31446,1.3155999999999999,1.31434,1.31504,2955,2025-10-30 21:00:00
1761861600,1.3149899999999999,1.31545,1.3149899999999999,1.31532,3408,2025-10-30 22:00:00
1761865200,1.3152599999999999,1.31546,1.31507,1.31535,1712,2025-10-30 23:00:00
1761868800,1.3153299999999999,1.31602,1.31507,1.31586,1969,2025-10-31 00:00:00
1761872400,1.31585,1.31613,1.3155299999999999,1.31592,5219,2025-10-31 01:00:00
1761876000,1.31593,1.31649,1.31529,1.31535,5804,2025-10-31 02:00:00
1761879600,1.31534,1.31582,1.31501,1.31529,5337,2025-10-31 03:00:00
1761883200,1.31529,1.3155299999999999,1.31502,1.31519,4428,2025-10-31 04:00:00
1761886800,1.31519,1.31573,1.3151,1.31568,3434,2025-10-31 05:00:00
1761890400,1.31569,1.31572,1.3148,1.315,4191,2025-10-31 06:00:00
1761894000,1.315,1.31571,1.31368,1.31402,5787,2025-10-31 07:00:00
1761897600,1.31402,1.31508,1.3125,1.31452,9058,2025-10-31 08:00:00
1761901200,1.31452,1.31466,1.31385,1.31409,8265,2025-10-31 09:00:00
1768831200,1.3406,1.34169,1.34058,1.3414,9093,2026-01-19 14:00:00
1768834800,1.34137,1.34244,1.34104,1.34205,7706,2026-01-19 15:00:00
1768838400,1.34202,1.34289,1.34189,1.34218,8814,2026-01-19 16:00:00
1768842000,1.34218,1.34353,1.34207,1.34281,5717,2026-01-19 17:00:00
1768845600,1.3428200000000001,1.34336,1.34264,1.34314,4690,2026-01-19 18:00:00
1768888800,1.34408,1.3449900000000001,1.34405,1.34416,5464,2026-01-20 06:00:00
1768892400,1.34417,1.3443800000000001,1.34315,1.34351,8176,2026-01-20 07:00:00
1768896000,1.34351,1.34828,1.3425799999999999,1.3474599999999999,12851,2026-01-20 08:00:00
1768899600,1.34747,1.34918,1.3474599999999999,1.34784,16030,2026-01-20 09:00:00
1770750000,1.36537,1.36551,1.3642699999999999,1.36443,6777,2026-02-10 19:00:00
1770746400,1.36638,1.36661,1.36438,1.36536,9140,2026-02-10 18:00:00
1770703200,1.36816,1.36842,1.36746,1.36784,4655,2026-02-10 06:00:00
1770699600,1.36852,1.36866,1.36801,1.36816,4299,2026-02-10 05:00:00
1770739200,1.36773,1.36809,1.36534,1.36738,15064,2026-02-10 16:00:00
1770742800,1.3673899999999999,1.36743,1.36597,1.3663699999999999,11244,2026-02-10 17:00:00
1770706800,1.36784,1.3682,1.3668,1.3672,6412,2026-02-10 07:00:00
1770685200,1.36823,1.36841,1.36723,1.36807,4975,2026-02-10 01:00:00
1770760800,1.3643399999999999,1.36449,1.36389,1.36428,3242,2026-02-10 22:00:00
1770757200,1.3657,1.36577,1.36428,1.36432,6314,2026-02-10 21:00:00
1770692400,1.36845,1.36935,1.36842,1.36932,5488,2026-02-10 03:00:00
1770688800,1.36806,1.36899,1.36745,1.36845,8255,2026-02-10 02:00:00
1770717600,1.36706,1.36844,1.36656,1.36682,7168,2026-02-10 10:00:00
1770764400,1.36462,1.36536,1.36378,1.3641,1571,2026-02-10 23:00:00
1770714000,1.36724,1.36798,1.3663699999999999,1.36707,9252,2026-02-10 09:00:00
1770753600,1.36442,1.36571,1.36402,1.3657,7315,2026-02-10 20:00:00
1770696000,1.36932,1.36962,1.3684,1.36853,5348,2026-02-10 04:00:00
1770768000,1.36385,1.36388,1.36317,1.3632900000000001,1228,2026-02-11 00:00:00
1770710400,1.36723,1.3679700000000001,1.36673,1.36723,7331,2026-02-10 08:00:00
1770771600,1.3632900000000001,1.36432,1.36317,1.36395,6195,2026-02-11 01:00:00
1770721200,1.36682,1.3674,1.36579,1.36651,7351,2026-02-10 11:00:00
1762750800,1.3147,1.31545,1.31454,1.31524,6177,2025-11-10 05:00:00
1770804000,1.36926,1.36992,1.36841,1.3695599999999999,7744,2026-02-11 10:00:00
1770786000,1.36652,1.367,1.36587,1.36596,4078,2026-02-11 05:00:00
1770847200,1.3621699999999999,1.36291,1.3618999999999999,1.36286,3513,2026-02-11 22:00:00
1770811200,1.37065,1.37067,1.36909,1.36914,7226,2026-02-11 12:00:00
1770836400,1.36579,1.36592,1.36395,1.36395,10950,2026-02-11 19:00:00
1770886800,1.36328,1.3647,1.3627,1.36375,9138,2026-02-12 09:00:00
1770818400,1.36803,1.36907,1.3609499999999999,1.36418,22256,2026-02-11 14:00:00
1770825600,1.36557,1.36672,1.36266,1.36338,19397,2026-02-11 16:00:00
1770800400,1.36743,1.36936,1.36691,1.36923,9654,2026-02-11 09:00:00
1770782400,1.36582,1.36681,1.36551,1.36652,4609,2026-02-11 04:00:00
1770814800,1.36913,1.36923,1.36758,1.36803,8745,2026-02-11 13:00:00
1770822000,1.36417,1.36703,1.36378,1.36559,22264,2026-02-11 15:00:00
1770807600,1.36955,1.37125,1.36867,1.37066,7229,2026-02-11 11:00:00
1770840000,1.3639299999999999,1.36413,1.36325,1.36327,7104,2026-02-11 20:00:00
1770778800,1.36443,1.3661400000000001,1.36443,1.36581,6472,2026-02-11 03:00:00
1770832800,1.36521,1.36677,1.36449,1.36578,13263,2026-02-11 18:00:00
1770843600,1.36327,1.36349,1.36209,1.3621699999999999,6175,2026-02-11 21:00:00
1770796800,1.3670200000000001,1.36746,1.3664399999999999,1.36741,6571,2026-02-11 08:00:00
1770829200,1.36338,1.3657,1.36286,1.36521,14243,2026-02-11 17:00:00
1770793200,1.3669799999999999,1.36779,1.36669,1.36703,6224,2026-02-11 07:00:00
1770789600,1.36597,1.3670200000000001,1.36581,1.3669799999999999,4641,2026-02-11 06:00:00
1770850800,1.36246,1.36297,1.36242,1.36276,822,2026-02-11 23:00:00
1771020000,1.36566,1.3658299999999999,1.3648,1.36551,4693,2026-02-13 22:00:00
1771016400,1.36433,1.36565,1.36414,1.36565,5608,2026-02-13 21:00:00
1770861600,1.36317,1.36402,1.36267,1.36401,8221,2026-02-12 02:00:00
1770858000,1.36231,1.36318,1.36157,1.36317,5218,2026-02-12 01:00:00
1770865200,1.3639999999999999,1.36423,1.36306,1.36351,5786,2026-02-12 03:00:00
1770872400,1.36317,1.36358,1.36201,1.36249,5465,2026-02-12 05:00:00
1770890400,1.36374,1.3654,1.36371,1.3649200000000001,8724,2026-02-12 10:00:00
1770894000,1.36494,1.36503,1.36368,1.36386,7071,2026-02-12 11:00:00
1770901200,1.36494,1.36502,1.3622,1.36294,9649,2026-02-12 13:00:00
1770868800,1.3635,1.3637299999999999,1.3626800000000001,1.36317,6466,2026-02-12 04:00:00
1770879600,1.36218,1.36257,1.36045,1.36171,9114,2026-02-12 07:00:00
1770883200,1.36159,1.36347,1.36118,1.36328,7711,2026-02-12 08:00:00
1770876000,1.36249,1.36263,1.36175,1.36219,5673,2026-02-12 06:00:00
1770897600,1.36386,1.36511,1.36353,1.36494,5766,2026-02-12 12:00:00
1770980400,1.36226,1.36274,1.3615,1.36184,7481,2026-02-13 11:00:00
1770944400,1.36185,1.36221,1.36152,1.36216,5435,2026-02-13 01:00:00
1770940800,1.36211,1.36225,1.36168,1.36185,1751,2026-02-13 00:00:00
1770991200,1.36073,1.36456,1.36052,1.36335,15749,2026-02-13 14:00:00
1770937200,1.3620700000000001,1.36267,1.3618700000000001,1.36219,828,2026-02-12 23:00:00
1770933600,1.36215,1.36243,1.36171,1.36223,3856,2026-02-12 22:00:00
1770955200,1.36201,1.36226,1.36142,1.36151,3532,2026-02-13 04:00:00
1770930000,1.3624,1.3624800000000001,1.36148,1.36215,8369,2026-02-12 21:00:00
1770987600,1.3603100000000001,1.36093,1.35987,1.36073,8940,2026-02-13 13:00:00
1770948000,1.3621699999999999,1.36225,1.36121,1.36169,7323,2026-02-13 02:00:00
1770962400,1.36121,1.3614899999999999,1.3599700000000001,1.36039,5809,2026-02-13 06:00:00
1770969600,1.36014,1.36169,1.3590499999999999,1.36147,8362,2026-02-13 08:00:00
1770919200,1.36323,1.3632900000000001,1.36179,1.36192,17658,2026-02-12 18:00:00
1770973200,1.3614600000000001,1.36287,1.36115,1.36233,9969,2026-02-13 09:00:00
1770915600,1.36539,1.36582,1.36162,1.36323,23865,2026-02-12 17:00:00
1770976800,1.36233,1.36296,1.36212,1.36226,7172,2026-02-13 10:00:00
1770966000,1.36039,1.36067,1.35947,1.36018,7100,2026-02-13 07:00:00
1770912000,1.36647,1.36715,1.36499,1.3654,13608,2026-02-12 16:00:00
1770984000,1.36185,1.36194,1.36011,1.3603100000000001,8290,2026-02-13 12:00:00
1770926400,1.36165,1.36267,1.3615,1.3624,9490,2026-02-12 20:00:00
1770922800,1.36193,1.36242,1.36049,1.36165,12517,2026-02-12 19:00:00
1770951600,1.3617,1.3624100000000001,1.36128,1.36201,4900,2026-02-13 03:00:00
1770908400,1.365,1.36692,1.3642,1.36645,13907,2026-02-12 15:00:00
1770958800,1.36151,1.36173,1.3609,1.36121,4208,2026-02-13 05:00:00
1770904800,1.36294,1.3651900000000001,1.36288,1.365,10723,2026-02-12 14:00:00
1771002000,1.36132,1.36441,1.36069,1.36423,13478,2026-02-13 17:00:00
1771200000,1.3648799999999999,1.36494,1.3642699999999999,1.36473,4355,2026-02-16 00:00:00
1771196400,1.36463,1.3649499999999999,1.3642699999999999,1.3645800000000001,2811,2026-02-15 23:00:00
1770998400,1.36261,1.36474,1.36108,1.36131,17595,2026-02-13 16:00:00
1771009200,1.36486,1.36542,1.36463,1.36523,8934,2026-02-13 19:00:00
1770994800,1.36335,1.36394,1.36154,1.36261,17573,2026-02-13 15:00:00
1771005600,1.36423,1.36595,1.36383,1.3648500000000001,10593,2026-02-13 18:00:00
1771203600,1.36473,1.3648500000000001,1.36407,1.36409,5648,2026-02-16 01:00:00
1771232400,1.36441,1.36603,1.36399,1.3651900000000001,8729,2026-02-16 09:00:00
1771207200,1.3641,1.36442,1.36371,1.36435,6196,2026-02-16 02:00:00
1771221600,1.36396,1.36409,1.36355,1.36391,3027,2026-02-16 06:00:00
1771210800,1.36435,1.36457,1.3639000000000001,1.36421,4987,2026-02-16 03:00:00
1771218000,1.36419,1.36437,1.36357,1.36395,3289,2026-02-16 05:00:00
1771214400,1.36421,1.3645100000000001,1.36379,1.36418,3256,2026-02-16 04:00:00
1771228800,1.36432,1.36513,1.36358,1.36441,5256,2026-02-16 08:00:00
1771225200,1.3639000000000001,1.36486,1.36381,1.3643100000000001,3364,2026-02-16 07:00:00
1771236000,1.3651900000000001,1.36621,1.3641,1.36449,6738,2026-02-16 10:00:00
1771257600,1.36361,1.36383,1.36279,1.36327,4834,2026-02-16 16:00:00
1771243200,1.36508,1.36509,1.3643100000000001,1.36445,4159,2026-02-16 12:00:00
1771250400,1.36426,1.36479,1.36288,1.36333,4792,2026-02-16 14:00:00
1771239600,1.36448,1.3652,1.3641,1.36508,6009,2026-02-16 11:00:00
1771254000,1.36333,1.36405,1.3630200000000001,1.3636,5692,2026-02-16 15:00:00
1771246800,1.36445,1.36514,1.36398,1.36425,4817,2026-02-16 13:00:00
1771261200,1.3632900000000001,1.36351,1.36258,1.36288,4149,2026-02-16 17:00:00
1771491600,1.35103,1.35161,1.35018,1.35059,6095,2026-02-19 09:00:00
1694584800,1.24869,1.24945,1.24858,1.2493,2049,
1770094800,1.3685,1.36943,1.3685,1.36877,6468,2026-02-03 05:00:00
1761940800,1.31398,1.3144,1.31358,1.31366,3587,2025-10-31 20:00:00
1761944400,1.31366,1.31509,1.3136,1.31502,4077,2025-10-31 21:00:00
1762124400,1.31311,1.31425,1.3130600000000001,1.31405,683,2025-11-02 23:00:00
1762128000,1.31403,1.31426,1.31325,1.31339,5960,2025-11-03 00:00:00
1769130000,1.34996,1.35008,1.34952,1.3496299999999999,5944,2026-01-23 01:00:00
1769133600,1.3496299999999999,1.3504800000000001,1.34958,1.3498,8601,2026-01-23 02:00:00
1769137200,1.3498,1.34984,1.34914,1.34925,6288,2026-01-23 03:00:00
1769140800,1.3492600000000001,1.34951,1.34888,1.34905,6452,2026-01-23 04:00:00
1769144400,1.34905,1.34975,1.34897,1.34968,4638,2026-01-23 05:00:00
1769148000,1.34969,1.35007,1.34958,1.3498299999999999,6334,2026-01-23 06:00:00
1769151600,1.3498299999999999,1.34998,1.3483,1.34837,10125,2026-01-23 07:00:00
1769155200,1.34836,1.3512,1.34836,1.34923,12227,2026-01-23 08:00:00
1770001200,1.36936,1.37001,1.36815,1.3682400000000001,16470,2026-02-02 03:00:00
1770004800,1.36823,1.36928,1.36787,1.36842,13177,2026-02-02 04:00:00
1770008400,1.36843,1.36882,1.36772,1.3682400000000001,12675,2026-02-02 05:00:00
1770037200,1.37003,1.37069,1.3685399999999999,1.3688,13764,2026-02-02 13:00:00
1770040800,1.36879,1.36882,1.36493,1.36516,18817,2026-02-02 14:00:00
1770044400,1.36516,1.3677000000000001,1.3631199999999999,1.36681,16820,2026-02-02 15:00:00
1770048000,1.36685,1.36685,1.36269,1.36282,23327,2026-02-02 16:00:00
1770051600,1.36282,1.36565,1.36232,1.36532,16422,2026-02-02 17:00:00
1770055200,1.36532,1.36629,1.36506,1.36603,12977,2026-02-02 18:00:00
1770098400,1.36878,1.36921,1.36834,1.36899,7990,2026-02-03 06:00:00
1761904800,1.3141,1.31483,1.31332,1.31434,7759,2025-10-31 10:00:00
1761908400,1.31434,1.31479,1.313,1.31308,6587,2025-10-31 11:00:00
1761912000,1.31308,1.314,1.3115,1.3128600000000001,7820,2025-10-31 12:00:00
1761915600,1.3128600000000001,1.31289,1.31047,1.31066,10941,2025-10-31 13:00:00
1770062400,1.365,1.36618,1.36435,1.36592,9403,2026-02-02 20:00:00
1761919200,1.31067,1.31166,1.30973,1.31138,11452,2025-10-31 14:00:00
1761922800,1.31137,1.3127,1.31037,1.31247,11906,2025-10-31 15:00:00
1761926400,1.31247,1.31393,1.31161,1.31388,12993,2025-10-31 16:00:00
1761930000,1.31388,1.31433,1.31263,1.31283,10413,2025-10-31 17:00:00
1771340400,1.35249,1.35325,1.35179,1.35208,15640,2026-02-17 15:00:00
1770102000,1.36899,1.37011,1.36891,1.36933,9717,2026-02-03 07:00:00
1761933600,1.31283,1.31378,1.31231,1.3131599999999999,7258,2025-10-31 18:00:00
1761937200,1.3131599999999999,1.31426,1.31297,1.31397,5700,2025-10-31 19:00:00
1771358400,1.3559,1.35633,1.3556,1.35615,5171,2026-02-17 20:00:00
1771333200,1.35649,1.35716,1.35471,1.35488,7523,2026-02-17 13:00:00
1771336800,1.35484,1.35503,1.35246,1.35248,11924,2026-02-17 14:00:00
1771344000,1.35208,1.35255,1.34959,1.35031,14459,2026-02-17 16:00:00
1771351200,1.35381,1.3550200000000001,1.35347,1.35466,8696,2026-02-17 18:00:00
1771347600,1.35031,1.35416,1.35029,1.35381,10655,2026-02-17 17:00:00
1771354800,1.35466,1.35614,1.35412,1.35591,8093,2026-02-17 19:00:00
1771394400,1.35538,1.35596,1.35537,1.35589,2311,2026-02-18 06:00:00
1771380000,1.35625,1.35625,1.35542,1.35585,4794,2026-02-18 02:00:00
1771401600,1.35641,1.35785,1.35538,1.35615,7895,2026-02-18 08:00:00
1771365600,1.3562400000000001,1.3569200000000001,1.35602,1.35675,2164,2026-02-17 22:00:00
1771383600,1.35585,1.35588,1.35519,1.3554599999999999,4448,2026-02-18 03:00:00
1771372800,1.35689,1.3572600000000001,1.35626,1.3563,1813,2026-02-18 00:00:00
1771405200,1.35616,1.35682,1.35571,1.3565800000000001,8329,2026-02-18 09:00:00
1771398000,1.3559,1.35667,1.35537,1.35641,3577,2026-02-18 07:00:00
1771362000,1.35615,1.35642,1.35578,1.35623,4567,2026-02-17 21:00:00
1771390800,1.35532,1.3556,1.35499,1.35538,2985,2026-02-18 05:00:00
1771387200,1.35547,1.3558,1.35527,1.35532,3361,2026-02-18 04:00:00
1771369200,1.35647,1.35699,1.3562,1.35654,1753,2026-02-17 23:00:00
1771376400,1.3563,1.35664,1.35611,1.35625,5119,2026-02-18 01:00:00
1771408800,1.3565800000000001,1.35794,1.35653,1.35746,6434,2026-02-18 10:00:00
1762527600,1.31307,1.315,1.3127499999999999,1.3149600000000001,12905,2025-11-07 15:00:00
1762531200,1.3149600000000001,1.31745,1.31452,1.31514,16044,2025-11-07 16:00:00
1762534800,1.31514,1.31708,1.31508,1.31624,10512,2025-11-07 17:00:00
1762538400,1.31624,1.31726,1.31568,1.31705,9394,2025-11-07 18:00:00
1762542000,1.31705,1.31751,1.31659,1.3168199999999999,7286,2025-11-07 19:00:00
1762545600,1.3168199999999999,1.3173,1.31567,1.31576,8880,2025-11-07 20:00:00
1762549200,1.31577,1.31651,1.31569,1.31634,7127,2025-11-07 21:00:00
1762552800,1.31635,1.31668,1.3153000000000001,1.3164500000000001,3598,2025-11-07 22:00:00
1762729200,1.31597,1.31629,1.3143099999999999,1.31545,668,2025-11-09 23:00:00
1762732800,1.3155700000000001,1.31574,1.31398,1.31414,4427,2025-11-10 00:00:00
1762736400,1.31415,1.31537,1.31366,1.31449,8738,2025-11-10 01:00:00
1762740000,1.3145,1.31552,1.3140100000000001,1.31513,9824,2025-11-10 02:00:00
1762743600,1.31513,1.31521,1.31461,1.31485,5932,2025-11-10 03:00:00
1762754400,1.31525,1.31602,1.31507,1.31554,5534,2025-11-10 06:00:00
1762761600,1.31414,1.31668,1.31413,1.3157,11746,2025-11-10 08:00:00
1762765200,1.3157,1.31847,1.31554,1.31739,11081,2025-11-10 09:00:00
1762768800,1.31739,1.31795,1.31668,1.3173300000000001,9497,2025-11-10 10:00:00
1762772400,1.3173300000000001,1.31755,1.31575,1.31602,9070,2025-11-10 11:00:00
1762776000,1.31602,1.31773,1.31521,1.3176,7858,2025-11-10 12:00:00
1762779600,1.3176,1.31879,1.31757,1.31812,7417,2025-11-10 13:00:00
1762783200,1.31812,1.31912,1.3170899999999999,1.31748,10113,2025-11-10 14:00:00
1762826400,1.3165,1.31667,1.31576,1.3165,7478,2025-11-11 02:00:00
1762830000,1.3165,1.31684,1.3161100000000001,1.31635,6185,2025-11-11 03:00:00
1762833600,1.31633,1.31703,1.3163,1.31683,8344,2025-11-11 04:00:00
1762837200,1.3168199999999999,1.31718,1.31631,1.3166,5819,2025-11-11 05:00:00
1762840800,1.31661,1.31721,1.31624,1.31662,6789,2025-11-11 06:00:00
1762844400,1.31662,1.31715,1.3152,1.31541,6225,2025-11-11 07:00:00
1762848000,1.31541,1.3158,1.31209,1.31256,12349,2025-11-11 08:00:00
1762851600,1.31257,1.31352,1.31204,1.31231,9532,2025-11-11 09:00:00
1762855200,1.3123,1.31346,1.31165,1.31295,7652,2025-11-11 10:00:00
1762858800,1.31294,1.3141,1.3121399999999999,1.31385,6953,2025-11-11 11:00:00
1762862400,1.31385,1.3152300000000001,1.31336,1.31486,6785,2025-11-11 12:00:00
1762866000,1.31486,1.31547,1.31391,1.31419,7779,2025-11-11 13:00:00
1762869600,1.31422,1.31783,1.31422,1.31714,12891,2025-11-11 14:00:00
1762873200,1.31715,1.31846,1.31606,1.31806,12239,2025-11-11 15:00:00
1762876800,1.31805,1.31809,1.31586,1.31732,13624,2025-11-11 16:00:00
1762880400,1.31732,1.31795,1.31677,1.31725,11293,2025-11-11 17:00:00
1762884000,1.31725,1.31791,1.31687,1.3174000000000001,7222,2025-11-11 18:00:00
1762887600,1.31741,1.31783,1.31717,1.31752,6933,2025-11-11 19:00:00
1762891200,1.31752,1.31753,1.31651,1.3167,7571,2025-11-11 20:00:00
1762894800,1.3167,1.31714,1.31612,1.31617,6302,2025-11-11 21:00:00
1762916400,1.31388,1.31439,1.31375,1.31382,3907,2025-11-12 03:00:00
1762920000,1.31383,1.31427,1.31353,1.314,3683,2025-11-12 04:00:00
1762923600,1.31399,1.31409,1.3128600000000001,1.31301,5037,2025-11-12 05:00:00
1762927200,1.313,1.31391,1.31287,1.31337,5455,2025-11-12 06:00:00
1771480800,1.3483800000000001,1.34878,1.3480699999999999,1.34875,3343,2026-02-19 06:00:00
1771495200,1.35059,1.3517000000000001,1.34946,1.35045,7238,2026-02-19 10:00:00
1771488000,1.34999,1.35122,1.34947,1.35103,5103,2026-02-19 08:00:00
1771498800,1.35045,1.35073,1.3485,1.34888,7445,2026-02-19 11:00:00
1771513200,1.34671,1.3467799999999999,1.3434,1.34456,14341,2026-02-19 15:00:00
1762930800,1.31337,1.3142,1.31307,1.31406,5008,2025-11-12 07:00:00
1762934400,1.31411,1.31493,1.31387,1.31457,8380,2025-11-12 08:00:00
1762938000,1.31457,1.31554,1.31167,1.3117,10159,2025-11-12 09:00:00
1762941600,1.3117,1.31314,1.31151,1.31161,10174,2025-11-12 10:00:00
1762945200,1.31161,1.31281,1.31107,1.3125499999999999,7963,2025-11-12 11:00:00
1762948800,1.31256,1.31387,1.31158,1.3137400000000001,7845,2025-11-12 12:00:00
1762952400,1.3137400000000001,1.314,1.31077,1.3118,9354,2025-11-12 13:00:00
1762956000,1.31179,1.3123,1.30958,1.31051,10593,2025-11-12 14:00:00
1771509600,1.34633,1.34695,1.3449,1.34671,10146,2026-02-19 14:00:00
1771484400,1.34876,1.3502399999999999,1.34851,1.34999,4262,2026-02-19 07:00:00
1762959600,1.31051,1.31078,1.3084500000000001,1.30989,11589,2025-11-12 15:00:00
1762963200,1.30988,1.31327,1.30976,1.3130600000000001,12486,2025-11-12 16:00:00
1768374000,1.34357,1.34482,1.34345,1.3447,5402,2026-01-14 07:00:00
1768377600,1.3447,1.34496,1.34374,1.34396,6197,2026-01-14 08:00:00
1771502400,1.34888,1.3492,1.34656,1.34662,6924,2026-02-19 12:00:00
1771506000,1.34662,1.34744,1.34571,1.34633,6414,2026-02-19 13:00:00
1771477200,1.3491,1.34927,1.34817,1.34839,3644,2026-02-19 05:00:00
1768381200,1.34395,1.3450199999999999,1.34371,1.3449900000000001,10968,2026-01-14 09:00:00
1768384800,1.3449900000000001,1.3458999999999999,1.3446799999999999,1.3457,8448,2026-01-14 10:00:00
1768388400,1.3457,1.34589,1.34505,1.34539,9268,2026-01-14 11:00:00
1768392000,1.34538,1.3454,1.34455,1.34493,7259,2026-01-14 12:00:00
1768395600,1.34494,1.34586,1.34423,1.34522,8701,2026-01-14 13:00:00
1768399200,1.34522,1.34528,1.34387,1.34448,10013,2026-01-14 14:00:00
1768402800,1.34449,1.34643,1.34436,1.34567,14398,2026-01-14 15:00:00
1768406400,1.34569,1.34619,1.34439,1.34561,14861,2026-01-14 16:00:00
1768410000,1.3456000000000001,1.34585,1.34406,1.34437,9886,2026-01-14 17:00:00
1768413600,1.34437,1.34451,1.34302,1.3431899999999999,7979,2026-01-14 18:00:00
1768417200,1.3431899999999999,1.3433,1.34267,1.34269,6208,2026-01-14 19:00:00
1768420800,1.34269,1.3433,1.34247,1.3430900000000001,5140,2026-01-14 20:00:00
1768424400,1.3430900000000001,1.3441,1.34299,1.34327,7975,2026-01-14 21:00:00
1768428000,1.34328,1.34473,1.34322,1.3447200000000001,3991,2026-01-14 22:00:00
1768431600,1.3443,1.34464,1.34389,1.3439999999999999,2457,2026-01-14 23:00:00
1768435200,1.34424,1.34448,1.34389,1.34401,1734,2026-01-15 00:00:00
1768438800,1.34402,1.34402,1.3430900000000001,1.3437299999999999,5107,2026-01-15 01:00:00
1768442400,1.34374,1.34388,1.34274,1.34354,9695,2026-01-15 02:00:00
1768446000,1.34348,1.34348,1.34294,1.34331,7024,2026-01-15 03:00:00
1768453200,1.34276,1.34289,1.34234,1.3424,4070,2026-01-15 05:00:00
1768456800,1.34239,1.34321,1.34232,1.34274,6121,2026-01-15 06:00:00
1768460400,1.34274,1.3433,1.34236,1.34273,6830,2026-01-15 07:00:00
1768464000,1.34276,1.34433,1.34238,1.34347,8765,2026-01-15 08:00:00
1771516800,1.34454,1.34741,1.34414,1.34543,16184,2026-02-19 16:00:00
1771282800,1.36325,1.36347,1.3628,1.36311,958,2026-02-16 23:00:00
1763571600,1.30797,1.3085499999999999,1.30675,1.30753,11627,2025-11-19 17:00:00
1763575200,1.30753,1.30802,1.3057,1.30684,10478,2025-11-19 18:00:00
1763578800,1.30684,1.3076699999999999,1.3063,1.30657,8888,2025-11-19 19:00:00
1763582400,1.30659,1.3069,1.30436,1.30457,9454,2025-11-19 20:00:00
1771545600,1.34673,1.34714,1.34598,1.346,1812,2026-02-20 00:00:00
1771304400,1.36128,1.36134,1.3607,1.36115,3272,2026-02-17 05:00:00
1764093600,1.3172,1.32044,1.31715,1.3201,13816,2025-11-25 18:00:00
1764097200,1.3201,1.32138,1.31982,1.32056,9260,2025-11-25 19:00:00
1764100800,1.32056,1.32137,1.32005,1.32118,6729,2025-11-25 20:00:00
1764104400,1.32118,1.32142,1.31538,1.31622,9478,2025-11-25 21:00:00
1764108000,1.3162099999999999,1.31718,1.31615,1.31653,4963,2025-11-25 22:00:00
1764111600,1.31703,1.31792,1.31661,1.31667,665,2025-11-25 23:00:00
1764115200,1.31676,1.3171599999999999,1.31578,1.31583,3474,2025-11-26 00:00:00
1764118800,1.31583,1.31741,1.31583,1.31689,8000,2025-11-26 01:00:00
1764122400,1.3169,1.31879,1.3165499999999999,1.31787,14655,2025-11-26 02:00:00
1764126000,1.31787,1.31937,1.3176999999999999,1.31876,11601,2025-11-26 03:00:00
1769562000,1.38269,1.38313,1.3814199999999999,1.38175,10669,2026-01-28 01:00:00
1769565600,1.38175,1.38193,1.37992,1.38001,10343,2026-01-28 02:00:00
1769569200,1.38002,1.38073,1.37919,1.38036,8774,2026-01-28 03:00:00
1769572800,1.3804,1.38105,1.37972,1.37999,7115,2026-01-28 04:00:00
1769576400,1.37999,1.38032,1.37937,1.3801999999999999,5617,2026-01-28 05:00:00
1769580000,1.3801999999999999,1.3805399999999999,1.37891,1.38048,9681,2026-01-28 06:00:00
1769583600,1.38048,1.38159,1.38037,1.38062,10376,2026-01-28 07:00:00
1769587200,1.38062,1.38313,1.37926,1.38014,12789,2026-01-28 08:00:00
1769590800,1.38015,1.38114,1.37753,1.37866,14236,2026-01-28 09:00:00
1769594400,1.37867,1.37926,1.37761,1.3787099999999999,12930,2026-01-28 10:00:00
1769598000,1.37872,1.38,1.37764,1.3792900000000001,10949,2026-01-28 11:00:00
1769601600,1.3792900000000001,1.3793,1.3767800000000001,1.37698,11193,2026-01-28 12:00:00
1769605200,1.37698,1.37944,1.37687,1.37937,12106,2026-01-28 13:00:00
1760587200,1.34364,1.34399,1.34286,1.3431,6586,2025-10-16 04:00:00
1764057600,1.31045,1.31289,1.31042,1.31219,8998,2025-11-25 08:00:00
1764061200,1.3122,1.31285,1.31094,1.31095,11811,2025-11-25 09:00:00
1764064800,1.31095,1.31384,1.31086,1.31352,10120,2025-11-25 10:00:00
1764068400,1.31349,1.31406,1.31235,1.31297,8899,2025-11-25 11:00:00
1764072000,1.31297,1.31297,1.31094,1.31121,8351,2025-11-25 12:00:00
1764075600,1.3112,1.31388,1.3109,1.31349,11847,2025-11-25 13:00:00
1764079200,1.31351,1.31607,1.31322,1.31541,14160,2025-11-25 14:00:00
1764082800,1.31541,1.31832,1.31531,1.31787,15581,2025-11-25 15:00:00
1764086400,1.31787,1.31958,1.31735,1.31769,15742,2025-11-25 16:00:00
1764090000,1.31769,1.3185799999999999,1.3171,1.3172,10625,2025-11-25 17:00:00
1771264800,1.36288,1.36304,1.36262,1.3627099999999999,2207,2026-02-16 18:00:00
1760515200,1.33524,1.33735,1.33506,1.33625,10736,2025-10-15 08:00:00
1760518800,1.33625,1.33639,1.33419,1.335,11303,2025-10-15 09:00:00
1760522400,1.335,1.33556,1.33414,1.3345799999999999,9894,2025-10-15 10:00:00
1760526000,1.3345799999999999,1.33574,1.33361,1.33509,9835,2025-10-15 11:00:00
1760529600,1.33508,1.33659,1.33467,1.3365,6457,2025-10-15 12:00:00
1760533200,1.33651,1.33667,1.33501,1.3351899999999999,7729,2025-10-15 13:00:00
1760536800,1.3352,1.33563,1.33414,1.33459,12157,2025-10-15 14:00:00
1760540400,1.33459,1.33528,1.33349,1.33498,14949,2025-10-15 15:00:00
1760544000,1.33497,1.3367,1.33466,1.33652,11033,2025-10-15 16:00:00
1760554800,1.33908,1.33908,1.33715,1.3377,11803,2025-10-15 19:00:00
1760558400,1.3377,1.33871,1.33703,1.3382800000000001,7092,2025-10-15 20:00:00
1760562000,1.33829,1.33939,1.3382800000000001,1.33935,5423,2025-10-15 21:00:00
1760407200,1.33315,1.33384,1.33256,1.33362,4278,2025-10-14 02:00:00
1771329600,1.35954,1.35983,1.35596,1.35651,6995,2026-02-17 12:00:00
1760410800,1.3336299999999999,1.33474,1.33352,1.33436,4033,2025-10-14 03:00:00
1760414400,1.33436,1.33459,1.33396,1.33439,2729,2025-10-14 04:00:00
1760418000,1.33436,1.33502,1.334,1.33452,3280,2025-10-14 05:00:00
1760421600,1.33454,1.33527,1.33437,1.33521,4508,2025-10-14 06:00:00
1760425200,1.33522,1.33523,1.33404,1.33408,4718,2025-10-14 07:00:00
1760428800,1.33405,1.33409,1.32751,1.32802,6771,2025-10-14 08:00:00
1760432400,1.32802,1.32833,1.32525,1.3256999999999999,6637,2025-10-14 09:00:00
1760439600,1.3284099999999999,1.3284099999999999,1.3264,1.32678,4861,2025-10-14 11:00:00
1760461200,1.32969,1.33191,1.32883,1.33179,14176,2025-10-14 17:00:00
1760482800,1.33198,1.3324,1.33166,1.33195,1267,2025-10-14 23:00:00
1760486400,1.33197,1.33231,1.3318699999999999,1.33191,1739,2025-10-15 00:00:00
1760490000,1.33192,1.33247,1.3317,1.33216,2836,2025-10-15 01:00:00
1760493600,1.33216,1.33311,1.332,1.33287,7113,2025-10-15 02:00:00
1760497200,1.33288,1.33409,1.33257,1.33401,7942,2025-10-15 03:00:00
1760500800,1.33402,1.33514,1.334,1.33494,6864,2025-10-15 04:00:00
1760504400,1.33493,1.3354,1.33481,1.33515,5802,2025-10-15 05:00:00
1760508000,1.3351600000000001,1.33541,1.33448,1.33488,4775,2025-10-15 06:00:00
1760511600,1.3349,1.33588,1.33466,1.33526,5157,2025-10-15 07:00:00
1771412400,1.35746,1.35822,1.3565800000000001,1.35662,5236,2026-02-18 11:00:00
1771416000,1.35662,1.3575,1.3565800000000001,1.35737,4515,2026-02-18 12:00:00
1771419600,1.35737,1.35802,1.35698,1.35733,6951,2026-02-18 13:00:00
1771268400,1.3627099999999999,1.36315,1.36266,1.36292,1485,2026-02-16 19:00:00
1771300800,1.36138,1.3614,1.3606099999999999,1.36128,4882,2026-02-17 04:00:00
1771279200,1.36304,1.36307,1.36254,1.3630499999999999,1634,2026-02-16 22:00:00
1771290000,1.36276,1.36293,1.36188,1.36197,5630,2026-02-17 01:00:00
1770289200,1.35659,1.35975,1.35615,1.35874,10307,2026-02-05 11:00:00
1770271200,1.36253,1.36266,1.36163,1.362,6208,2026-02-05 06:00:00
1771275600,1.36321,1.36325,1.36299,1.36304,985,2026-02-16 21:00:00
1770285600,1.36033,1.36039,1.35567,1.3565800000000001,11585,2026-02-05 10:00:00
1764259200,1.32339,1.32523,1.32328,1.32512,5797,2025-11-27 16:00:00
1764262800,1.32512,1.32552,1.32396,1.32439,4215,2025-11-27 17:00:00
1764266400,1.32439,1.32481,1.32305,1.3237999999999999,2817,2025-11-27 18:00:00
1764270000,1.3237999999999999,1.3238699999999999,1.3234,1.32348,2056,2025-11-27 19:00:00
1764273600,1.32347,1.32386,1.32347,1.32371,1901,2025-11-27 20:00:00
1764277200,1.32371,1.3238699999999999,1.32361,1.32372,3733,2025-11-27 21:00:00
1764280800,1.32373,1.32403,1.32365,1.32394,1407,2025-11-27 22:00:00
1764284400,1.32382,1.32399,1.32336,1.32363,1295,2025-11-27 23:00:00
1770303600,1.35849,1.35893,1.35337,1.35374,21382,2026-02-05 15:00:00
1770292800,1.35873,1.36158,1.35812,1.36124,9509,2026-02-05 12:00:00
1770267600,1.3625099999999999,1.36289,1.36227,1.36253,4400,2026-02-05 05:00:00
1770228000,1.36573,1.36726,1.36446,1.36463,15868,2026-02-04 18:00:00
1770282000,1.36202,1.36328,1.3599,1.36033,11405,2026-02-05 09:00:00
1770296400,1.36136,1.36136,1.35403,1.3581699999999999,21540,2026-02-05 13:00:00
1770278400,1.3618299999999999,1.36295,1.36163,1.36202,9805,2026-02-05 08:00:00
1770274800,1.36199,1.36203,1.36068,1.36184,7225,2026-02-05 07:00:00
1770307200,1.35373,1.3557000000000001,1.35216,1.35282,22870,2026-02-05 16:00:00
1771297200,1.36166,1.36204,1.3612,1.36138,4496,2026-02-17 03:00:00
1770300000,1.3581699999999999,1.3595,1.3566799999999999,1.3585099999999999,17567,2026-02-05 14:00:00
1699009200,1.2213,1.22233,1.221,1.22202,3163,
1771308000,1.36115,1.36123,1.36035,1.36074,5100,2026-02-17 06:00:00
1771293600,1.362,1.3621400000000001,1.36138,1.36166,7052,2026-02-17 02:00:00
1771318800,1.35629,1.35907,1.35614,1.35857,8509,2026-02-17 09:00:00
1771441200,1.35221,1.35256,1.35061,1.35132,8130,2026-02-18 19:00:00
1771272000,1.36292,1.3633199999999999,1.3629,1.36323,1411,2026-02-16 20:00:00
1771286400,1.36303,1.36304,1.36231,1.36272,1374,2026-02-17 00:00:00
1771311600,1.36074,1.3614899999999999,1.36073,1.36125,4310,2026-02-17 07:00:00
1771315200,1.36117,1.36124,1.35523,1.3563,8907,2026-02-17 08:00:00
1771326000,1.35913,1.36064,1.35895,1.35953,6445,2026-02-17 11:00:00
1771423200,1.35733,1.35815,1.3552,1.35522,7585,2026-02-18 14:00:00
1771322400,1.35857,1.35975,1.3584,1.35916,7044,2026-02-17 10:00:00
1771434000,1.35458,1.35575,1.35335,1.35338,9372,2026-02-18 17:00:00
1771426800,1.35523,1.35586,1.3532899999999999,1.35372,12720,2026-02-18 15:00:00
1771430400,1.35372,1.35538,1.35355,1.35458,11468,2026-02-18 16:00:00
1771437600,1.35338,1.35365,1.35127,1.35221,7052,2026-02-18 18:00:00
1761116400,1.33792,1.33872,1.33792,1.33835,4781,2025-10-22 07:00:00
1761120000,1.33834,1.33839,1.33292,1.3335,16160,2025-10-22 08:00:00
1761123600,1.3335,1.33381,1.33194,1.33223,13243,2025-10-22 09:00:00
1764817200,1.33403,1.33405,1.33345,1.33369,6689,2025-12-04 03:00:00
1764820800,1.33369,1.3336999999999999,1.33276,1.33321,5077,2025-12-04 04:00:00
1764831600,1.33383,1.33389,1.33324,1.33378,6979,2025-12-04 07:00:00
1764835200,1.33378,1.33414,1.33315,1.33368,6361,2025-12-04 08:00:00
1764838800,1.33368,1.33592,1.33337,1.33429,11847,2025-12-04 09:00:00
1764842400,1.33429,1.335,1.33365,1.33459,9274,2025-12-04 10:00:00
1764846000,1.33459,1.3351199999999999,1.3336999999999999,1.33441,8920,2025-12-04 11:00:00
1764849600,1.33443,1.3364,1.33408,1.33603,9037,2025-12-04 12:00:00
1764853200,1.33603,1.33621,1.33402,1.3349199999999999,8346,2025-12-04 13:00:00
1764856800,1.33493,1.33504,1.33221,1.3342399999999999,12005,2025-12-04 14:00:00
1764860400,1.33423,1.33744,1.33423,1.337,14221,2025-12-04 15:00:00
1764864000,1.33701,1.33859,1.33542,1.3373,12331,2025-12-04 16:00:00
1764867600,1.33731,1.3373300000000001,1.33476,1.33525,10021,2025-12-04 17:00:00
1771527600,1.34525,1.34663,1.34508,1.34601,7083,2026-02-19 19:00:00
1771466400,1.34896,1.34986,1.34896,1.34964,5245,2026-02-19 02:00:00
1771520400,1.34543,1.34579,1.34396,1.34452,12109,2026-02-19 17:00:00
1771470000,1.3496299999999999,1.34972,1.34918,1.34949,3337,2026-02-19 03:00:00
1771448400,1.35002,1.35049,1.34951,1.34997,5484,2026-02-18 21:00:00
1771542000,1.34652,1.34715,1.3462399999999999,1.34692,1989,2026-02-19 23:00:00
1771455600,1.34933,1.35018,1.34931,1.34995,1789,2026-02-18 23:00:00
1771524000,1.34452,1.34561,1.34387,1.34525,9073,2026-02-19 18:00:00
1771462800,1.34951,1.3498,1.34883,1.34896,4513,2026-02-19 01:00:00
1771531200,1.34601,1.34662,1.34471,1.34518,6961,2026-02-19 20:00:00
1771444800,1.35133,1.3515,1.34973,1.35002,8638,2026-02-18 20:00:00
1771538400,1.34591,1.34735,1.34582,1.34636,4774,2026-02-19 22:00:00
1771473600,1.34949,1.3498,1.34884,1.3491,3754,2026-02-19 04:00:00
1771549200,1.346,1.3464,1.34559,1.3461699999999999,4728,2026-02-20 01:00:00
1771459200,1.34969,1.34982,1.34941,1.34951,1063,2026-02-19 00:00:00
1771534800,1.34517,1.34606,1.34517,1.34591,4706,2026-02-19 21:00:00
1771452000,1.34997,1.3502100000000001,1.3491900000000001,1.34923,2333,2026-02-18 22:00:00
1771610400,1.3498299999999999,1.35007,1.34747,1.34897,13411,2026-02-20 18:00:00
1771592400,1.34702,1.3483399999999999,1.3468499999999999,1.34732,7721,2026-02-20 13:00:00
1771585200,1.34671,1.3483100000000001,1.3461699999999999,1.34756,6804,2026-02-20 11:00:00
1771574400,1.34481,1.34673,1.34451,1.34459,8690,2026-02-20 08:00:00
1771560000,1.3440699999999999,1.34464,1.34389,1.34422,4032,2026-02-20 04:00:00
1771588800,1.34757,1.34781,1.34663,1.34702,6029,2026-02-20 12:00:00
1771599600,1.3486500000000001,1.34887,1.34677,1.34767,11994,2026-02-20 15:00:00
1771617600,1.3495,1.34994,1.34837,1.3485800000000001,9605,2026-02-20 20:00:00
1771563600,1.34423,1.34475,1.34385,1.34391,3543,2026-02-20 05:00:00
1771603200,1.34772,1.35152,1.34609,1.35008,30128,2026-02-20 16:00:00
1771614000,1.34896,1.35071,1.34852,1.3495,15281,2026-02-20 19:00:00
1771621200,1.3485800000000001,1.34914,1.34817,1.3489499999999999,5982,2026-02-20 21:00:00
1771556400,1.34469,1.34479,1.34351,1.3440699999999999,6563,2026-02-20 03:00:00
1771624800,1.3489499999999999,1.34972,1.3477299999999999,1.34792,4367,2026-02-20 22:00:00
1771570800,1.34457,1.34489,1.34417,1.34479,5044,2026-02-20 07:00:00
1771606800,1.35008,1.35149,1.34863,1.3498299999999999,16286,2026-02-20 17:00:00
1771581600,1.34525,1.34792,1.34507,1.3467,7710,2026-02-20 10:00:00
1771578000,1.3446,1.34555,1.34362,1.34525,9277,2026-02-20 09:00:00
1771567200,1.34392,1.34488,1.3437299999999999,1.34456,4751,2026-02-20 06:00:00
1771596000,1.34732,1.3498,1.34668,1.3486500000000001,11707,2026-02-20 14:00:00
1771552800,1.34618,1.34629,1.34416,1.34469,7740,2026-02-20 02:00:00
1771804800,1.34932,1.35336,1.34876,1.3532199999999999,5464,2026-02-23 00:00:00
1771819200,1.35233,1.35239,1.3510499999999999,1.35176,5628,2026-02-23 04:00:00
1771808400,1.35325,1.35327,1.35198,1.35272,7352,2026-02-23 01:00:00
1771826400,1.3519999999999999,1.35214,1.35125,1.35203,4324,2026-02-23 06:00:00
1771830000,1.35203,1.35352,1.35175,1.35297,5906,2026-02-23 07:00:00
1771833600,1.35298,1.35328,1.35216,1.3526099999999999,7528,2026-02-23 08:00:00
1771837200,1.3526,1.35284,1.35101,1.35157,9764,2026-02-23 09:00:00
1771840800,1.35156,1.35188,1.35058,1.35084,7385,2026-02-23 10:00:00
1771801200,1.3491900000000001,1.35016,1.34827,1.3494,1153,2026-02-22 23:00:00
1771812000,1.35272,1.35277,1.35156,1.35193,9815,2026-02-23 02:00:00
1701115200,1.2618,1.26322,1.26178,1.26309,2251,
1771822800,1.35175,1.35211,1.35127,1.3519999999999999,4259,2026-02-23 05:00:00
1771815600,1.35192,1.35287,1.3516599999999999,1.35233,7640,2026-02-23 03:00:00
1771844400,1.35084,1.3513,1.35025,1.35079,6655,2026-02-23 11:00:00
1771848000,1.3507799999999999,1.35101,1.34863,1.3491,6953,2026-02-23 12:00:00
1771851600,1.34906,1.34907,1.34756,1.34867,8243,2026-02-23 13:00:00
1771855200,1.34867,1.35091,1.34829,1.35061,10457,2026-02-23 14:00:00
1771858800,1.35061,1.35239,1.35022,1.35206,13321,2026-02-23 15:00:00
1771862400,1.35206,1.35249,1.3492,1.34948,14688,2026-02-23 16:00:00
1771866000,1.34948,1.35151,1.34877,1.3507,13606,2026-02-23 17:00:00
