id,symbol,direction,entry_time,entry_price,exit_time,exit_price,sl_price,tp_price,size,pnl_pips,exit_reason,entry_signal_data,created_at,entry_model,signal_timeframe
183,EURCAD,long,2026-02-12 20:26:35.761161,1.61507000,2026-02-12 21:36:46.378592,1.61555000,1.61207000,1.61807000,0.3000,4.80,model_exit,,2026-02-12 21:36:46.42655,Hybrid_V4 + SMA20_50_BB_long,
184,EURCAD,long,2026-02-12 23:00:59.493544,1.61545000,2026-02-13 00:36:26.499843,1.61563000,1.61245000,1.61845000,0.4900,1.80,model_exit,,2026-02-13 00:36:26.533126,Hybrid_V4 + SMA20_50_BB_long,
185,USDCAD,short,2026-02-13 04:30:25.037148,1.36152000,2026-02-13 05:10:36.494264,1.36201000,1.36452000,1.35852000,0.2800,-4.90,model_exit,,2026-02-13 05:10:36.521215,Hybrid_V4 + MACD_Stoch_short,
186,GBPUSD,long,2026-02-13 04:30:24.721192,1.36153000,2026-02-13 08:37:50.782537,1.36183000,1.35853000,1.36453000,0.6100,3.00,model_exit,,2026-02-13 08:37:50.813484,Hybrid_V4 + MACD_Stoch_long,
188,EURCAD,long,2026-02-13 09:00:56.087494,1.61387000,2026-02-13 11:35:32.803025,1.61473000,1.61087000,1.61687000,0.3600,8.60,model_exit,,2026-02-13 11:35:32.839138,Hybrid_V4 + SMA20_50_BB_long,
189,EURUSD,long,2026-02-13 09:00:55.630446,1.18633000,2026-02-13 12:19:48.807816,1.18583000,1.18333000,1.18933000,0.5400,-5.00,model_exit,,2026-02-13 12:19:48.875904,Hybrid_V4 + Stoch_K_oversold_long_25,
190,USDCAD,long,2026-02-13 10:00:16.86599,1.36042000,2026-02-13 12:19:49.039778,1.36225000,1.35742000,1.36342000,0.4600,18.30,model_exit,,2026-02-13 12:19:49.065935,Hybrid_V4 + MACD_Stoch_long,
191,EURCAD,long,2026-02-13 12:05:02.936081,1.61561000,2026-02-13 13:06:00.714418,1.61634000,1.61261000,1.61861000,0.4700,7.30,model_exit,,2026-02-13 13:06:00.761655,Hybrid_V4 + SMA20_50_BB_long,
192,EURCAD,long,2026-02-13 14:00:17.036863,1.61518000,2026-02-13 14:35:26.887113,1.61535000,1.61218000,1.61818000,0.5300,1.70,model_exit,,2026-02-13 14:35:26.959337,Hybrid_V4 + MACD_cross_long,
193,EURCAD,long,2026-02-13 14:01:17.38408,1.61516000,2026-02-13 15:35:43.379459,1.61570000,1.61216000,1.61816000,0.2200,5.40,model_exit,,2026-02-13 15:35:43.414578,Hybrid_V4 + SMA20_50_BB_long,
194,USDCAD,long,2026-02-13 14:00:16.708495,1.36010000,2026-02-13 15:49:46.777527,1.36310000,1.35710000,1.36310000,0.6200,30.00,tp_hit,,2026-02-13 15:49:46.782061,Hybrid_V4 + SMA20_50_BB_long,
195,EURCAD,long,2026-02-13 16:02:10.350181,1.61559000,2026-02-13 17:05:40.886177,1.61637000,1.61259000,1.61859000,0.4900,7.80,model_exit,,2026-02-13 17:05:40.928976,Hybrid_V4 + SMA20_50_BB_long,
196,USDCAD,long,2026-02-13 16:02:10.196111,1.36333000,2026-02-13 17:15:44.104727,1.36033000,1.36033000,1.36633000,0.5600,-30.00,sl_hit,,2026-02-13 17:15:44.1102,Hybrid_V4 + SMA20_50_BB_long,
197,USDCAD,short,2026-02-13 17:00:39.011042,1.36198000,2026-02-13 17:35:51.084014,1.36061000,1.36498000,1.35898000,0.1900,13.70,model_exit,,2026-02-13 17:35:51.128522,Hybrid_V4 + MACD_Stoch_short,
198,EURCAD,long,2026-02-13 19:30:30.288826,1.61591000,2026-02-13 20:05:42.301681,1.61626000,1.61291000,1.61891000,0.2300,3.50,model_exit,,2026-02-13 20:05:42.353667,Hybrid_V4 + MACD_Stoch_long,
199,EURCAD,long,2026-02-13 18:00:58.761025,1.61548000,2026-02-13 20:35:53.358563,1.61664000,1.61248000,1.61848000,0.5500,11.60,model_exit,,2026-02-13 20:35:53.397044,Hybrid_V4 + SMA20_50_BB_long,
200,EURCAD,long,2026-02-13 21:30:12.573554,1.61707000,2026-02-13 22:05:25.221544,1.61616000,1.61407000,1.62007000,0.2000,-9.10,model_exit,,2026-02-13 22:05:25.27797,Hybrid_V4 + MACD_cross_long,
201,USDCAD,long,2026-02-13 20:00:40.10431,1.36214000,2026-02-13 22:35:35.167418,1.36177000,1.35914000,1.36514000,0.4300,-3.70,model_exit,,2026-02-13 22:35:35.206047,Hybrid_V4 + SMA20_50_BB_long,
205,EURCAD,long,2026-02-16 00:00:14.727339,1.61598000,2026-02-16 02:05:49.336022,1.61544000,1.61298000,1.61898000,0.2200,-5.40,model_exit,,2026-02-16 02:05:49.376746,Hybrid_V4 + SMA20_50_BB_long,
206,GBPUSD,short,2026-02-16 00:00:14.595475,1.36460000,2026-02-16 04:05:20.931432,1.36422000,1.36760000,1.36160000,0.2700,3.80,model_exit,,2026-02-16 04:05:20.971399,Hybrid_V4 + SMA20_50_BB_short,
207,USDCAD,long,2026-02-16 08:00:49.322269,1.36078000,2026-02-16 10:05:58.074081,1.36198000,1.35778000,1.36378000,1.0000,12.00,model_exit,,2026-02-16 10:05:58.373664,Hybrid_V4 + SMA20_50_BB_long,
208,EURCAD,long,2026-02-16 08:00:49.648234,1.61424000,2026-02-16 10:05:58.526775,1.61563000,1.61124000,1.61724000,1.0000,13.90,model_exit,,2026-02-16 10:05:58.666902,Hybrid_V4 + SMA20_50_BB_long,
209,USDCAD,short,2026-02-16 11:00:18.017238,1.36161000,2026-02-16 11:35:31.615196,1.36243000,1.36461000,1.35861000,0.3900,-8.20,model_exit,,2026-02-16 11:35:31.867795,Hybrid_V4 + MACD_Stoch_short,
210,EURCAD,long,2026-02-16 11:00:18.472297,1.61577000,2026-02-16 12:05:10.544469,1.61561000,1.61277000,1.61877000,0.3500,-1.60,model_exit,,2026-02-16 12:05:10.687824,Hybrid_V4 + SMA20_50_BB_long,
211,EURCAD,long,2026-02-16 13:00:45.564699,1.61542000,2026-02-16 14:52:40.716127,1.61569000,1.61242000,1.61842000,0.3200,2.70,model_exit,,2026-02-16 14:52:40.990816,Hybrid_V4 + SMA20_50_BB_long,
212,USDCAD,long,2026-02-16 12:00:08.24044,1.36235000,2026-02-16 15:35:36.645321,1.36334000,1.35935000,1.36535000,0.3200,9.90,model_exit,,2026-02-16 15:35:36.783823,Hybrid_V4 + SMA20_50_BB_long,
213,GBPUSD,short,2026-02-16 12:00:07.923388,1.36443000,2026-02-16 16:05:48.700644,1.36301000,1.36743000,1.36143000,0.3500,14.20,model_exit,,2026-02-16 16:05:48.862522,Hybrid_V4 + SMA20_50_BB_short,
214,EURCAD,long,2026-02-16 16:00:45.082254,1.61551000,2026-02-16 17:35:57.923114,1.61569000,1.61251000,1.61851000,0.3500,1.80,model_exit,,2026-02-16 17:35:58.219392,Hybrid_V4 + SMA20_50_BB_long,
215,USDCAD,long,2026-02-16 16:05:48.938766,1.36304000,2026-02-16 18:18:49.702162,1.36344000,1.36004000,1.36604000,0.3500,4.00,orphan_close,,2026-02-16 18:18:49.729239,Hybrid_V4 + SMA20_50_BB_long,
216,EURUSD,long,2026-02-16 18:00:29.573984,1.18494000,2026-02-16 18:19:25.702441,1.18487000,1.18194000,1.18794000,0.3500,-0.70,orphan_close,,2026-02-16 18:19:25.708379,Hybrid_V4 + Stoch_K_oversold_long_25,
217,GBPUSD,short,2026-02-16 18:00:29.850045,1.36279000,2026-02-16 18:20:01.702181,1.36319000,1.36579000,1.35979000,0.3200,-4.00,orphan_close,,2026-02-16 18:20:01.710658,Hybrid_V4 + SMA20_50_BB_short,
218,USDCAD,long,2026-02-16 20:00:44.388691,1.36349000,2026-02-16 22:05:31.625802,1.36374000,1.36049000,1.36649000,0.3900,2.50,model_exit,,2026-02-16 22:05:31.803899,Hybrid_V4 + SMA20_50_BB_long,
219,GBPUSD,short,2026-02-17 00:00:11.524602,1.36272000,2026-02-17 07:00:37.558594,1.35972000,1.36572000,1.35972000,0.3200,30.00,tp_hit,,2026-02-17 07:00:37.568275,Hybrid_V4 + SMA20_50_BB_short,
220,EURUSD,long,2026-02-16 21:00:06.170841,1.18536000,2026-02-17 07:53:50.266064,1.18309000,1.18236000,1.18836000,0.3500,-22.70,model_exit,,2026-02-17 07:53:50.550964,Hybrid_V4 + Stoch_K_oversold_long_25,
221,USDCAD,short,2026-02-16 22:09:33.093345,1.36334000,2026-02-17 08:35:15.414507,1.36447000,1.36634000,1.36034000,0.3500,-11.30,model_exit,,2026-02-17 08:35:15.560238,Hybrid_V4 + MACD_Stoch_short,
222,USDCAD,long,2026-02-17 00:00:11.7133,1.36367000,2026-02-17 09:35:49.674883,1.36418000,1.36067000,1.36667000,0.1400,5.10,model_exit,,2026-02-17 09:35:49.873818,Hybrid_V4 + SMA20_50_BB_long,
223,EURCAD,long,2026-02-17 01:00:38.46318,1.61539000,2026-02-17 09:35:49.952751,1.61646000,1.61239000,1.61839000,0.2700,10.70,model_exit,,2026-02-17 09:35:50.060261,Hybrid_V4 + SMA20_50_BB_long,
224,EURCAD,long,2026-02-17 10:30:26.573655,1.61607000,2026-02-17 11:05:47.8904,1.61572000,1.61307000,1.61907000,0.1400,-3.50,model_exit,,2026-02-17 11:05:48.071905,Hybrid_V4 + MACD_cross_long,
225,EURUSD,long,2026-02-17 09:00:28.888806,1.18412000,2026-02-17 12:05:20.249226,1.18324000,1.18112000,1.18712000,0.1500,-8.80,model_exit,,2026-02-17 12:05:20.546236,Hybrid_V4 + Stoch_K_oversold_long_25,
226,USDCAD,long,2026-02-17 10:06:05.243167,1.36416000,2026-02-17 13:05:53.31056,1.36523000,1.36116000,1.36716000,0.1600,10.70,model_exit,,2026-02-17 13:05:53.456679,Hybrid_V4 + SMA20_50_BB_long,
227,USDCAD,long,2026-02-17 08:00:55.452199,1.36463000,2026-02-17 13:05:53.31056,1.36523000,1.36163000,1.36763000,0.0700,6.00,model_exit,,2026-02-17 13:05:53.543799,Hybrid_V4 + SMA20_50_MACD_long,
228,EURCAD,long,2026-02-17 13:00:49.842594,1.61444000,2026-02-17 13:35:09.903835,1.61562000,1.61144000,1.61744000,0.1500,11.80,model_exit,,2026-02-17 13:35:10.114756,Hybrid_V4 + MACD_Stoch_long,
229,EURCAD,long,2026-02-17 10:06:05.490343,1.61577000,2026-02-17 14:05:27.629307,1.61564000,1.61277000,1.61877000,0.3200,-1.30,model_exit,,2026-02-17 14:05:27.745762,Hybrid_V4 + SMA20_50_BB_long,
230,EURUSD,long,2026-02-17 08:30:11.408852,1.18380000,2026-02-17 15:29:21.757836,1.18080000,1.18080000,1.18680000,0.3000,-30.00,sl_hit,,2026-02-17 15:29:21.768295,Hybrid_V4 + Triple_Momentum_long,
231,USDCAD,short,2026-02-17 14:07:28.736155,1.36634000,2026-02-17 15:35:25.707933,1.36934000,1.36934000,1.36334000,0.1800,-30.00,sl_hit,,2026-02-17 15:35:25.722195,Hybrid_V4 + MACD_Stoch_short,
232,EURCAD,long,2026-02-17 15:01:01.098487,1.61678000,2026-02-17 16:05:45.493797,1.61613000,1.61378000,1.61978000,0.3100,-6.50,model_exit,,2026-02-17 16:05:45.611728,Hybrid_V4 + SMA20_50_BB_long,
233,EURCAD,long,2026-02-17 15:30:22.640536,1.61641000,2026-02-17 16:05:45.493797,1.61613000,1.61341000,1.61941000,0.1500,-2.80,model_exit,,2026-02-17 16:05:45.695558,Hybrid_V4 + MACD_cross_long,
234,USDCAD,long,2026-02-17 14:07:28.738237,1.36634000,2026-02-17 16:35:02.419951,1.36573000,1.36334000,1.36934000,0.0800,-6.10,model_exit,,2026-02-17 16:35:02.578318,Hybrid_V4 + SMA20_50_BB_long,
235,EURUSD,long,2026-02-17 15:00:59.945776,1.18224000,2026-02-17 17:00:30.682174,1.18298000,1.17924000,1.18524000,0.1600,7.40,manual_close,,2026-02-17 17:00:32.320315,Hybrid_V4 + Stoch_K_oversold_long_25,
236,EURUSD,short,2026-02-17 16:00:40.046591,1.18116000,2026-02-17 17:00:58.158093,1.18298000,1.18416000,1.17816000,0.1400,-18.20,manual_close,,2026-02-17 17:00:59.126648,Hybrid_V4 + SMA20_50_BB_short,
237,USDCHF,short,2026-02-17 15:30:22.81249,0.77324000,2026-02-17 17:38:32.826688,0.77119000,0.77624000,0.77024000,0.2900,20.50,model_exit,,2026-02-17 17:38:32.982247,Hybrid_V4 + RSI_BB_confluence_short,
238,USDCAD,short,2026-02-17 17:07:34.291143,1.36578000,2026-02-17 18:35:57.161939,1.36404000,1.36878000,1.36278000,0.1500,17.40,model_exit,,2026-02-17 18:35:57.296287,Hybrid_V4 + Stoch_RSI_short_25_25,
239,EURCAD,long,2026-02-17 17:00:30.777475,1.61520000,2026-02-17 18:35:57.402454,1.61601000,1.61220000,1.61820000,0.3300,8.10,model_exit,,2026-02-17 18:35:57.50567,Hybrid_V4 + SMA20_50_BB_long,
240,EURCAD,long,2026-02-17 19:00:06.98647,1.61588000,2026-02-17 19:35:21.260567,1.61557000,1.61288000,1.61888000,0.3500,-3.10,model_exit,,2026-02-17 19:35:21.364228,Hybrid_V4 + MACD_cross_long,
241,USDCAD,long,2026-02-17 19:00:06.796377,1.36388000,2026-02-18 00:05:26.637563,1.36403000,1.36088000,1.36688000,0.1800,1.50,model_exit,,2026-02-18 00:05:26.797626,Hybrid_V4 + MACD_Stoch_long,
242,USDCAD,long,2026-02-17 20:01:32.862904,1.36366000,2026-02-18 00:35:39.709356,1.36400000,1.36066000,1.36666000,0.0400,3.40,model_exit,,2026-02-18 00:35:39.946909,Hybrid_V4 + SMA20_50_BB_long,
243,USDCAD,long,2026-02-17 20:00:32.303529,1.36386000,2026-02-18 00:35:39.709356,1.36400000,1.36086000,1.36686000,0.0400,1.40,model_exit,,2026-02-18 00:35:40.02519,Hybrid_V4 + SMA20_50_MACD_long,
244,USDCAD,long,2026-02-17 18:00:42.265972,1.36488000,2026-02-18 00:35:39.709356,1.36400000,1.36188000,1.36788000,0.1600,-8.80,model_exit,,2026-02-18 00:35:40.101142,Hybrid_V4 + MACD_Stoch_long,
245,EURCAD,long,2026-02-17 23:00:57.679032,1.61653000,2026-02-18 01:35:00.63984,1.61639000,1.61353000,1.61953000,0.3400,-1.40,model_exit,,2026-02-18 01:35:00.778351,Hybrid_V4 + SMA20_50_BB_long,
246,EURCAD,long,2026-02-18 03:30:47.756321,1.61641000,2026-02-18 04:05:04.797129,1.61654000,1.61341000,1.61941000,0.1300,1.30,model_exit,,2026-02-18 04:05:04.963197,Hybrid_V4 + MACD_cross_long,
247,GBPUSD,long,2026-02-18 02:30:21.057803,1.35571000,2026-02-18 04:35:18.898399,1.35548000,1.35271000,1.35871000,0.3100,-2.30,model_exit,,2026-02-18 04:35:19.116502,Hybrid_V4 + MACD_Stoch_long,
248,USDCAD,long,2026-02-18 02:00:09.115347,1.36452000,2026-02-18 04:35:19.242106,1.36519000,1.36152000,1.36752000,0.3800,6.70,model_exit,,2026-02-18 04:35:19.353798,Hybrid_V4 + SMA20_50_BB_long,
249,GBPUSD,long,2026-02-18 05:05:31.251243,1.35548000,2026-02-18 06:05:59.689018,1.35579000,1.35248000,1.35848000,0.3300,3.10,model_exit,,2026-02-18 06:05:59.866661,Hybrid_V4 + MACD_Stoch_long,
250,EURCAD,long,2026-02-18 02:05:12.386617,1.61642000,2026-02-18 06:06:00.195435,1.61693000,1.61342000,1.61942000,0.3500,5.10,model_exit,,2026-02-18 06:06:00.342843,Hybrid_V4 + SMA20_50_BB_long,
251,USDCAD,long,2026-02-18 04:00:00.948336,1.36516000,2026-02-18 08:05:50.24778,1.36607000,1.36216000,1.36816000,0.0600,9.10,model_exit,,2026-02-18 08:05:50.453771,Hybrid_V4 + SMA20_50_MACD_long,
252,USDCAD,long,2026-02-18 06:00:57.413265,1.36521000,2026-02-18 08:05:50.24778,1.36607000,1.36221000,1.36821000,0.0700,8.60,model_exit,,2026-02-18 08:05:50.613314,Hybrid_V4 + SMA20_50_BB_long,
253,GBPUSD,long,2026-02-18 08:30:59.843518,1.35633000,2026-02-18 09:05:35.505518,1.35720000,1.35333000,1.35933000,0.3300,8.70,model_exit,,2026-02-18 09:05:35.613245,Hybrid_V4 + MACD_Stoch_long,
254,USDCAD,short,2026-02-18 02:30:21.388932,1.36475000,2026-02-18 10:07:12.859991,1.36518000,1.36775000,1.36175000,0.1400,-4.30,model_exit,,2026-02-18 10:07:13.007779,Hybrid_V4 + MACD_Stoch_short,
255,EURCAD,long,2026-02-18 09:30:44.300986,1.61654000,2026-02-18 11:35:49.66128,1.61551000,1.61354000,1.61954000,1.0000,-10.30,model_exit,,2026-02-18 11:35:49.871248,Hybrid_V4 + MACD_cross_long,
256,EURCAD,long,2026-02-18 07:00:23.562618,1.61674000,2026-02-18 13:35:28.448363,1.61626000,1.61374000,1.61974000,0.3600,-4.80,model_exit,,2026-02-18 13:35:28.644909,Hybrid_V4 + SMA20_50_BB_long,
257,USDCAD,long,2026-02-18 10:00:01.085852,1.36551000,2026-02-18 13:57:05.640732,1.36641000,1.36251000,1.36851000,0.1100,9.00,model_exit,,2026-02-18 13:57:05.760704,Hybrid_V4 + SMA20_50_BB_long,
258,USDCAD,long,2026-02-18 12:01:46.648745,1.36432000,2026-02-18 14:05:10.707736,1.36656000,1.36132000,1.36732000,0.2000,22.40,model_exit,,2026-02-18 14:05:10.820909,Hybrid_V4 + MACD_Stoch_long,
259,USDCAD,long,2026-02-18 12:00:46.174823,1.36414000,2026-02-18 14:21:17.561872,1.36714000,1.36114000,1.36714000,0.1800,30.00,tp_hit,,2026-02-18 14:21:17.568842,Hybrid_V4 + SMA20_50_MACD_long,
260,USDCAD,long,2026-02-18 13:00:12.009305,1.36478000,2026-02-18 14:25:18.968,1.36778000,1.36178000,1.36778000,0.2100,30.00,tp_hit,,2026-02-18 14:25:18.973334,Hybrid_V4 + MACD_Stoch_long,
261,USDCAD,short,2026-02-18 15:00:31.66484,1.36677000,2026-02-18 15:35:45.978227,1.36645000,1.36977000,1.36377000,0.2100,3.20,model_exit,,2026-02-18 15:35:46.081057,Hybrid_V4 + MACD_Stoch_short,
262,GBPUSD,long,2026-02-18 15:00:31.657752,1.35364000,2026-02-18 16:05:58.765926,1.35552000,1.35064000,1.35664000,0.2900,18.80,model_exit,,2026-02-18 16:05:58.86049,Hybrid_V4 + MACD_Stoch_long,
263,EURCAD,long,2026-02-18 14:00:08.936753,1.61592000,2026-02-18 16:05:59.015536,1.61543000,1.61292000,1.61892000,0.1900,-4.90,model_exit,,2026-02-18 16:05:59.125192,Hybrid_V4 + SMA20_50_BB_long,
264,GBPUSD,long,2026-02-18 16:00:56.196607,1.35441000,2026-02-18 16:35:11.584076,1.35495000,1.35141000,1.35741000,0.2700,5.40,model_exit,,2026-02-18 16:35:11.718564,Hybrid_V4 + MACD_Stoch_long,
265,USDCAD,long,2026-02-18 16:01:56.809876,1.36658000,2026-02-18 18:05:51.743798,1.36795000,1.36358000,1.36958000,0.2100,13.70,model_exit,,2026-02-18 18:05:51.859157,Hybrid_V4 + SMA20_50_BB_long,
266,EURCAD,long,2026-02-18 17:00:21.720917,1.61505000,2026-02-18 18:05:51.925026,1.61492000,1.61205000,1.61805000,0.1900,-1.30,model_exit,,2026-02-18 18:05:52.053719,Hybrid_V4 + SMA20_50_BB_long,
267,USDCAD,long,2026-02-18 16:00:56.200086,1.36658000,2026-02-18 18:45:08.510235,1.36958000,1.36358000,1.36958000,0.2300,30.00,tp_hit,,2026-02-18 18:45:08.518374,Hybrid_V4 + SMA20_50_MACD_long,
268,EURCAD,long,2026-02-18 19:00:14.524699,1.61398000,2026-02-18 21:05:13.541069,1.61441000,1.61098000,1.61698000,0.1900,4.30,model_exit,,2026-02-18 21:05:13.649789,Hybrid_V4 + SMA20_50_BB_long,
269,GBPUSD,long,2026-02-18 20:30:52.763223,1.34981000,2026-02-18 22:05:44.046212,1.34923000,1.34681000,1.35281000,0.4200,-5.80,model_exit,,2026-02-18 22:05:44.160121,Hybrid_V4 + Stoch_RSI_long_20_25,
270,GBPUSD,long,2026-02-18 20:31:53.405559,1.34990000,2026-02-18 22:05:44.046212,1.34923000,1.34690000,1.35290000,0.3000,-6.70,model_exit,,2026-02-18 22:05:44.25627,Hybrid_V4 + Stoch_RSI_long_15_25,
271,USDCAD,long,2026-02-18 20:00:38.747907,1.36969000,2026-02-19 00:05:01.138968,1.36972000,1.36669000,1.37269000,0.2200,0.30,model_exit,,2026-02-19 00:05:01.268929,Hybrid_V4 + SMA20_50_MACD_long,
272,USDCAD,long,2026-02-18 20:01:39.443642,1.36972000,2026-02-19 00:05:01.138968,1.36972000,1.36672000,1.37272000,0.2100,0.00,model_exit,,2026-02-19 00:05:01.399128,Hybrid_V4 + SMA20_50_BB_long,
273,EURCAD,long,2026-02-18 18:00:49.735494,1.61501000,2026-02-19 00:05:01.55538,1.61445000,1.61201000,1.61801000,0.1900,-5.60,model_exit,,2026-02-19 00:05:01.684752,Hybrid_V4 + SMA20_50_Stoch_long,
274,GBPUSD,long,2026-02-18 22:05:44.523491,1.34923000,2026-02-19 01:05:32.91087,1.34956000,1.34623000,1.35223000,0.4300,3.30,model_exit,,2026-02-19 01:05:32.995566,Hybrid_V4 + Stoch_RSI_long_20_30,
275,GBPUSD,long,2026-02-18 22:06:45.113937,1.34933000,2026-02-19 01:05:32.91087,1.34956000,1.34633000,1.35233000,0.2300,2.30,model_exit,,2026-02-19 01:05:33.077832,Hybrid_V4 + Stoch_RSI_long_15_30,
276,EURCAD,long,2026-02-19 01:00:30.55926,1.61493000,2026-02-19 01:35:49.645545,1.61465000,1.61193000,1.61793000,0.1800,-2.80,model_exit,,2026-02-19 01:35:49.750531,Hybrid_V4 + MACD_cross_long,
277,GBPUSD,long,2026-02-19 00:06:02.597696,1.34940000,2026-02-19 02:09:13.025829,1.34949000,1.34640000,1.35240000,0.2000,0.90,model_exit,,2026-02-19 02:09:13.319793,Hybrid_V4 + RSI_oversold_long,
278,USDCAD,short,2026-02-19 01:05:33.427836,1.36953000,2026-02-19 02:09:13.417914,1.36914000,1.37253000,1.36653000,0.1700,3.90,model_exit,,2026-02-19 02:09:13.522795,Hybrid_V4 + MACD_Stoch_short,
279,GBPUSD,long,2026-02-19 01:05:33.406835,1.34956000,2026-02-19 03:35:56.719871,1.34909000,1.34656000,1.35256000,0.2300,-4.70,model_exit,,2026-02-19 03:35:56.931126,Hybrid_V4 + Stoch_RSI_long_15_30,
280,USDCAD,long,2026-02-19 00:06:02.602298,1.36978000,2026-02-19 04:35:27.951581,1.37008000,1.36678000,1.37278000,0.2800,3.00,model_exit,,2026-02-19 04:35:28.058934,Hybrid_V4 + SMA20_50_MACD_long,
281,EURCAD,long,2026-02-19 00:00:59.074123,1.61441000,2026-02-19 04:35:28.179559,1.61499000,1.61141000,1.61741000,0.1600,5.80,model_exit,,2026-02-19 04:35:28.294794,Hybrid_V4 + SMA20_50_RSI_long,
282,GBPUSD,long,2026-02-19 04:00:10.203387,1.34910000,2026-02-19 06:35:25.668204,1.34959000,1.34610000,1.35210000,0.4200,4.90,model_exit,,2026-02-19 06:35:25.789343,Hybrid_V4 + Stoch_RSI_long_20_30,
283,GBPUSD,long,2026-02-19 04:01:10.92295,1.34917000,2026-02-19 06:35:25.668204,1.34959000,1.34617000,1.35217000,0.3000,4.20,model_exit,,2026-02-19 06:35:25.892777,Hybrid_V4 + RSI_oversold_long,
284,USDCAD,short,2026-02-19 05:00:40.197096,1.37030000,2026-02-19 07:05:40.188765,1.36867000,1.37330000,1.36730000,0.2200,16.30,model_exit,,2026-02-19 07:05:40.285538,Hybrid_V4 + MACD_Stoch_short,
285,GBPUSD,long,2026-02-19 02:30:24.794807,1.34929000,2026-02-19 07:35:53.070528,1.35021000,1.34629000,1.35229000,0.3000,9.20,model_exit,,2026-02-19 07:35:53.205252,Hybrid_V4 + MACD_Stoch_long,
286,EURCAD,short,2026-02-19 04:00:10.232829,1.61483000,2026-02-19 08:05:06.336038,1.61466000,1.61783000,1.61183000,0.1200,1.70,model_exit,,2026-02-19 08:05:06.488961,Hybrid_V4 + SMA20_50_BB_short,
287,EURCAD,long,2026-02-19 00:01:59.694205,1.61445000,2026-02-19 09:05:39.559261,1.61417000,1.61145000,1.61745000,0.1600,-2.80,model_exit,,2026-02-19 09:05:39.685598,Hybrid_V4 + SMA20_50_MACD_long,
288,EURCAD,long,2026-02-19 08:30:20.226795,1.61438000,2026-02-19 09:05:39.559261,1.61417000,1.61138000,1.61738000,0.2100,-2.10,model_exit,,2026-02-19 09:05:39.79225,Hybrid_V4 + MACD_Stoch_long,
289,EURCAD,long,2026-02-19 10:00:07.04832,1.61337000,2026-02-19 10:35:28.003616,1.61391000,1.61037000,1.61637000,0.2000,5.40,model_exit,,2026-02-19 10:35:28.131903,Hybrid_V4 + MACD_Stoch_long,
290,GBPUSD,long,2026-02-19 08:00:02.953643,1.35102000,2026-02-19 11:05:47.863587,1.34899000,1.34802000,1.35402000,0.4100,-20.30,model_exit,,2026-02-19 11:05:48.19716,Hybrid_V4 + Stoch_RSI_long_20_30,
291,GBPUSD,long,2026-02-19 08:01:04.201368,1.35097000,2026-02-19 11:05:47.863587,1.34899000,1.34797000,1.35397000,0.2800,-19.80,model_exit,,2026-02-19 11:05:48.377228,Hybrid_V4 + Stoch_RSI_long_15_30,
292,GBPUSD,long,2026-02-19 08:02:04.764368,1.35109000,2026-02-19 11:05:47.863587,1.34899000,1.34809000,1.35409000,0.3400,-21.00,model_exit,,2026-02-19 11:05:48.529377,Hybrid_V4 + RSI_oversold_long,
293,EURCAD,short,2026-02-19 10:00:07.05112,1.61337000,2026-02-19 12:05:29.432619,1.61242000,1.61637000,1.61037000,0.1900,9.50,model_exit,,2026-02-19 12:05:29.519597,Hybrid_V4 + SMA20_50_BB_short,
294,EURCAD,long,2026-02-19 08:00:02.988951,1.61434000,2026-02-19 12:26:43.965312,1.61134000,1.61134000,1.61734000,0.1300,-30.00,sl_hit,,2026-02-19 12:26:43.973662,Hybrid_V4 + SMA20_50_Stoch_long,
295,USDCAD,long,2026-02-19 08:00:02.983845,1.36818000,2026-02-19 12:35:50.951674,1.36858000,1.36518000,1.37118000,0.1500,4.00,model_exit,,2026-02-19 12:35:51.04475,Hybrid_V4 + SMA20_50_MACD_long,
296,GBPUSD,long,2026-02-19 11:30:05.070785,1.34739000,2026-02-19 14:13:51.302693,1.34439000,1.34439000,1.35039000,0.3000,-30.00,sl_hit,,2026-02-19 14:13:51.312797,Hybrid_V4 + MACD_Stoch_long,
297,GBPUSD,long,2026-02-19 13:00:07.138961,1.34633000,2026-02-19 14:25:58.307552,1.34333000,1.34333000,1.34933000,0.2000,-30.00,sl_hit,,2026-02-19 14:25:58.311173,Hybrid_V4 + Stoch_RSI_long_15_30,
298,USDCAD,long,2026-02-19 12:00:25.709543,1.36914000,2026-02-19 14:35:02.511679,1.37088000,1.36614000,1.37214000,0.2200,17.40,model_exit,,2026-02-19 14:35:02.710099,Hybrid_V4 + SMA20_50_BB_long,
299,GBPUSD,long,2026-02-19 13:01:08.659628,1.34613000,2026-02-19 15:05:15.72945,1.34649000,1.34313000,1.34913000,0.3000,3.60,model_exit,,2026-02-19 15:05:15.835733,Hybrid_V4 + Stoch_RSI_long_20_30,
300,USDCHF,short,2026-02-19 14:30:00.348599,0.77557000,2026-02-19 15:05:15.983356,0.77483000,0.77857000,0.77257000,0.3100,7.40,model_exit,,2026-02-19 15:05:16.095477,Hybrid_V4 + RSI_BB_confluence_short,
301,USDCAD,short,2026-02-19 15:30:26.282357,1.36980000,2026-02-19 16:05:45.020335,1.36834000,1.37280000,1.36680000,0.1900,14.60,model_exit,,2026-02-19 16:05:45.128846,Hybrid_V4 + MACD_Stoch_short,
302,GBPUSD,long,2026-02-19 15:30:26.252169,1.34591000,2026-02-19 16:35:00.86376,1.34553000,1.34291000,1.34891000,0.4200,-3.80,model_exit,,2026-02-19 16:35:00.982398,Hybrid_V4 + Stoch_RSI_long_20_25,
303,GBPUSD,long,2026-02-19 15:31:27.115898,1.34616000,2026-02-19 16:35:00.86376,1.34553000,1.34316000,1.34916000,0.3000,-6.30,model_exit,,2026-02-19 16:35:01.082689,Hybrid_V4 + Stoch_RSI_long_15_25,
304,GBPUSD,long,2026-02-19 15:32:27.810109,1.34619000,2026-02-19 16:35:00.86376,1.34553000,1.34319000,1.34919000,0.2800,-6.60,model_exit,,2026-02-19 16:35:01.163935,Hybrid_V4 + Stoch_RSI_long_25_25,
305,EURCAD,short,2026-02-19 14:00:45.299984,1.60987000,2026-02-19 17:05:14.368536,1.61066000,1.61287000,1.60687000,0.1300,-7.90,model_exit,,2026-02-19 17:05:14.487245,Hybrid_V4 + SMA20_50_BB_short,
306,GBPUSD,long,2026-02-19 16:05:45.356363,1.34527000,2026-02-19 18:35:36.235029,1.34621000,1.34227000,1.34827000,0.4200,9.40,model_exit,,2026-02-19 18:35:36.399426,Hybrid_V4 + Stoch_RSI_long_20_30,
307,USDCAD,short,2026-02-19 18:00:16.03492,1.36964000,2026-02-19 18:35:36.461425,1.36935000,1.37264000,1.36664000,0.0200,2.90,model_exit,,2026-02-19 18:35:36.570872,Hybrid_V4 + MACD_Stoch_short,
308,EURCAD,long,2026-02-19 18:30:33.013331,1.61170000,2026-02-19 19:05:52.33339,1.61135000,1.60870000,1.61470000,0.2100,-3.50,model_exit,,2026-02-19 19:05:52.434102,Hybrid_V4 + MACD_cross_long,
309,GBPUSD,long,2026-02-19 18:00:16.019794,1.34528000,2026-02-19 20:05:55.304672,1.34550000,1.34228000,1.34828000,0.3300,2.20,model_exit,,2026-02-19 20:05:55.491876,Hybrid_V4 + Stoch_RSI_long_15_30,
310,USDCAD,long,2026-02-19 18:00:16.036122,1.36964000,2026-02-19 20:35:09.884347,1.36939000,1.36664000,1.37264000,0.0600,-2.50,model_exit,,2026-02-19 20:35:10.007579,Hybrid_V4 + SMA20_50_BB_long,
311,GBPUSD,long,2026-02-19 20:00:52.506076,1.34538000,2026-02-19 22:05:53.711333,1.34619000,1.34218000,1.34818000,0.2900,8.10,model_exit,,2026-02-19 22:05:53.816699,Hybrid_V4 + Stoch_RSI_long_20_30,
312,GBPUSD,long,2026-02-19 20:06:56.627988,1.34569000,2026-02-19 22:35:07.169274,1.34598000,1.34260000,1.34860000,0.3100,2.90,model_exit,,2026-02-19 22:35:07.28607,Hybrid_V4 + RSI_oversold_long,
313,EURCAD,short,2026-02-19 20:00:52.652208,1.61144000,2026-02-19 23:05:21.562061,1.61125000,1.61454000,1.60854000,0.1900,1.90,model_exit,,2026-02-19 23:05:21.70598,Hybrid_V4 + SMA20_50_BB_short,
314,EURCAD,long,2026-02-19 18:00:16.0393,1.61131000,2026-02-20 00:05:50.366553,1.61069000,1.60831000,1.61431000,0.2200,-6.20,model_exit,,2026-02-20 00:05:50.520098,Hybrid_V4 + SMA20_50_Stoch_long,
315,EURCAD,long,2026-02-19 23:05:21.852796,1.61125000,2026-02-20 00:05:50.366553,1.61069000,1.60789000,1.61389000,0.1800,-5.60,model_exit,,2026-02-20 00:05:50.596247,Hybrid_V4 + MACD_Stoch_long,
316,USDCAD,long,2026-02-19 22:09:55.364218,1.36855000,2026-02-20 00:35:05.191875,1.36896000,1.36523000,1.37123000,0.2000,4.10,model_exit,,2026-02-20 00:35:05.320948,Hybrid_V4 + SMA20_50_BB_long,
317,USDCAD,long,2026-02-20 02:00:44.132986,1.36984000,2026-02-20 08:52:51.240081,1.36902000,1.36675000,1.37275000,0.2000,-8.20,model_exit,,2026-02-20 08:52:51.450982,Hybrid_V4 + SMA20_50_BB_long,
318,USDCAD,long,2026-02-19 20:00:52.592126,1.37008000,2026-02-20 08:52:51.240081,1.36902000,1.36710000,1.37310000,0.2100,-10.60,model_exit,,2026-02-20 08:52:51.552207,Hybrid_V4 + SMA20_50_MACD_long,
319,EURCAD,long,2026-02-20 00:00:48.101201,1.61115000,2026-02-20 08:52:51.609911,1.61013000,1.60783000,1.61383000,0.1900,-10.20,model_exit,,2026-02-20 08:52:51.72834,Hybrid_V4 + SMA20_50_Stoch_long,
320,USDCAD,short,2026-02-20 09:00:59.521859,1.36895000,2026-02-20 09:35:18.657772,1.36862000,1.37203000,1.36603000,0.1900,3.30,model_exit,,2026-02-20 09:35:18.853068,Hybrid_V4 + MACD_Stoch_short,
321,GBPUSD,long,2026-02-20 09:00:59.506158,1.34535000,2026-02-20 10:05:34.231993,1.34685000,1.34230000,1.34830000,0.2900,15.00,model_exit,,2026-02-20 10:05:34.355687,Hybrid_V4 + MACD_Stoch_long,
322,EURCAD,long,2026-02-20 09:30:15.604641,1.61028000,2026-02-20 10:05:34.533607,1.61066000,1.60720000,1.61320000,0.1900,3.80,model_exit,,2026-02-20 10:05:34.661837,Hybrid_V4 + MACD_cross_long,
323,EURCAD,short,2026-02-20 00:00:48.103146,1.61084000,2026-02-20 11:06:00.095155,1.61021000,1.61383000,1.60783000,0.1900,6.30,model_exit,,2026-02-20 11:06:00.301859,Hybrid_V4 + SMA20_50_BB_short,
324,USDCAD,long,2026-02-20 10:00:31.094725,1.36907000,2026-02-20 14:05:45.4391,1.36942000,1.36591000,1.37191000,0.2000,3.50,model_exit,,2026-02-20 14:05:45.697501,Hybrid_V4 + SMA20_50_BB_long,
325,GBPUSD,long,2026-02-20 12:01:29.431007,1.34706000,2026-02-20 14:35:01.702005,1.34703000,1.34387000,1.34987000,0.2900,-0.30,model_exit,,2026-02-20 14:35:01.845149,Hybrid_V4 + Stoch_RSI_long_20_35,
326,GBPUSD,long,2026-02-20 12:02:30.256128,1.34718000,2026-02-20 14:35:01.702005,1.34703000,1.34403000,1.35003000,0.2900,-1.50,model_exit,,2026-02-20 14:35:02.020072,Hybrid_V4 + Stoch_RSI_long_20_35,
327,GBPUSD,long,2026-02-20 12:00:28.262722,1.34717000,2026-02-20 15:02:17.062645,1.35014000,1.34408000,1.35008000,0.2800,29.70,tp_hit,,2026-02-20 15:02:17.072493,Hybrid_V4 + Stoch_RSI_long_15_35,
328,EURCAD,short,2026-02-20 12:00:28.332744,1.61032000,2026-02-20 15:05:19.521687,1.61103000,1.61331000,1.60731000,0.1800,-7.10,model_exit,,2026-02-20 15:05:19.69084,Hybrid_V4 + SMA20_50_BB_short,
329,EURCAD,long,2026-02-20 12:00:28.328094,1.61062000,2026-02-20 15:13:23.189282,1.61333000,1.60731000,1.61331000,0.1800,27.10,tp_hit,,2026-02-20 15:13:23.200976,Hybrid_V4 + SMA20_50_Stoch_long,
330,USDCAD,long,2026-02-20 16:00:07.990811,1.36771000,2026-02-20 18:05:53.420097,1.36797000,1.36483000,1.37083000,0.0500,2.60,model_exit,,2026-02-20 18:05:53.604987,Hybrid_V4 + SMA20_50_BB_long,H2
331,USDCAD,long,2026-02-20 17:00:21.975296,1.36913000,2026-02-20 18:05:53.420097,1.36797000,1.36603000,1.37203000,0.2200,-11.60,model_exit,,2026-02-20 18:05:54.587977,Hybrid_V4 + MACD_Stoch_long,H1
332,EURCAD,short,2026-02-20 16:00:08.010746,1.61204000,2026-02-20 18:05:54.658237,1.61216000,1.61512000,1.60912000,0.2300,-1.20,model_exit,,2026-02-20 18:05:54.754708,Hybrid_V4 + SMA20_50_BB_short,H2
333,USDCAD,short,2026-02-20 18:30:06.135566,1.36818000,2026-02-20 19:05:22.589853,1.36808000,1.37128000,1.36528000,0.2000,1.00,model_exit,,2026-02-20 19:05:22.768322,Hybrid_V4 + MACD_Stoch_short,M30
344,EURCAD,long,2026-02-23 01:00:22.981515,1.61599000,2026-02-23 01:35:32.781221,1.61514000,1.61279000,1.61879000,0.1900,-8.50,model_exit,,2026-02-23 01:35:32.925055,Hybrid_V4 + MACD_cross_long,M30
345,USDCAD,long,2026-02-23 00:00:07.361868,1.36512000,2026-02-23 02:35:26.807505,1.36625000,1.36194000,1.36794000,0.1100,11.30,model_exit,,2026-02-23 02:35:27.020536,Hybrid_V4 + SMA20_50_BB_long,H2
346,EURCAD,short,2026-02-23 00:00:07.367746,1.61484000,2026-02-23 02:35:27.073675,1.61613000,1.61821000,1.61221000,0.2100,-12.90,model_exit,,2026-02-23 02:35:27.181611,Hybrid_V4 + SMA20_50_BB_short,H2
347,EURCAD,short,2026-02-23 02:00:17.51923,1.61577000,2026-02-23 04:35:00.421062,1.61594000,1.61889000,1.61289000,0.1900,-1.70,model_exit,,2026-02-23 04:35:00.700203,Hybrid_V4 + SMA20_50_RSI_Stoch_BB_short,H2
348,EURCAD,long,2026-02-23 04:00:49.591852,1.61625000,2026-02-23 05:05:10.483647,1.61574000,1.61316000,1.61916000,0.1900,-5.10,model_exit,,2026-02-23 05:05:10.576013,Hybrid_V4 + SMA20_50_BB_long,H1
349,EURCAD,short,2026-02-23 04:00:49.593608,1.61597000,2026-02-23 06:35:35.667968,1.61639000,1.61916000,1.61316000,0.2200,-4.20,model_exit,,2026-02-23 06:35:35.815745,Hybrid_V4 + SMA20_50_BB_short,H2
350,EURCAD,long,2026-02-23 06:00:24.807767,1.61565000,2026-02-23 07:05:46.425515,1.61583000,1.61261000,1.61861000,0.1800,1.80,model_exit,,2026-02-23 07:05:46.529603,Hybrid_V4 + SMA20_50_BB_long,H1
351,USDCAD,long,2026-02-23 04:00:49.588335,1.36722000,2026-02-23 07:35:56.120722,1.36691000,1.36412000,1.37012000,0.1200,-3.10,model_exit,,2026-02-23 07:35:56.29445,Hybrid_V4 + SMA20_50_BB_long,H2
352,USDCAD,long,2026-02-23 00:01:07.870982,1.36527000,2026-02-23 08:14:59.204602,1.36641000,1.36214000,1.36814000,0.2100,11.40,model_exit,,2026-02-23 08:14:59.408625,Hybrid_V4 + SMA20_50_MACD_long,H8
353,EURUSD,short,2026-02-23 00:00:07.355388,1.18308000,2026-02-23 09:17:37.118115,1.18041000,1.18641000,1.18041000,0.3100,26.70,tp_hit,,2026-02-23 09:17:37.126123,Hybrid_V4 + SMA20_50_Stoch_BB_short,H4
354,EURCAD,short,2026-02-23 06:00:24.810461,1.61536000,2026-02-23 09:35:43.535159,1.61389000,1.61861000,1.61261000,0.2100,14.70,model_exit,,2026-02-23 09:35:43.629967,Hybrid_V4 + SMA20_50_RSI_Stoch_BB_short,H2
355,USDCAD,long,2026-02-23 10:00:52.472148,1.36717000,2026-02-23 12:05:27.529928,1.36886000,1.36410000,1.37010000,0.1300,16.90,model_exit,,2026-02-23 12:05:27.645838,Hybrid_V4 + SMA20_50_BB_long,H2
356,EURCAD,short,2026-02-23 10:00:52.480839,1.61308000,2026-02-23 12:14:31.91822,1.61334000,1.61622000,1.61022000,0.2500,-2.60,model_exit,,2026-02-23 12:14:32.00851,Hybrid_V4 + SMA20_50_BB_short,H2
357,USDCHF,short,2026-02-23 13:31:52.298763,0.77515000,2026-02-23 14:05:01.424761,0.77501000,0.77817000,0.77217000,0.3100,1.40,model_exit,,2026-02-23 14:05:01.596021,Hybrid_V4 + RSI_BB_confluence_short,M30
358,EURCAD,long,2026-02-23 09:03:31.327858,1.61395000,2026-02-23 15:35:40.58362,1.61445000,1.61075000,1.61675000,0.1800,5.00,model_exit,,2026-02-23 15:35:40.772555,Hybrid_V4 + SMA20_50_BB_long,H1
359,USDCHF,short,2026-02-23 13:30:51.663148,0.77508000,2026-02-23 15:35:40.820376,0.77395000,0.77817000,0.77217000,0.3100,11.30,model_exit,,2026-02-23 15:35:40.932229,Hybrid_V4 + BB_RSI_Volume_short,M30
360,USDCAD,long,2026-02-23 14:00:59.74271,1.36791000,2026-02-23 16:35:57.170442,1.36828000,1.36471000,1.37071000,0.2000,3.70,model_exit,,2026-02-23 16:35:57.300565,Hybrid_V4 + SMA20_50_BB_long,H2
361,EURCAD,long,2026-02-23 16:05:49.01139,1.61420000,2026-02-23 17:12:43.850921,1.61504000,1.61129000,1.61729000,0.1700,8.40,model_exit,,2026-02-23 17:12:43.964872,Hybrid_V4 + SMA20_50_BB_long,H1
362,EURCAD,short,2026-02-23 14:00:59.747296,1.61356000,2026-02-23 18:35:25.993511,1.61550000,1.61639000,1.61039000,0.2000,-19.40,model_exit,,2026-02-23 18:35:26.145227,Hybrid_V4 + SMA20_50_BB_short,H2
363,EURCAD,long,2026-02-23 18:00:15.217943,1.61539000,2026-02-23 19:05:33.556631,1.61510000,1.61222000,1.61822000,0.2100,-2.90,model_exit,,2026-02-23 19:05:33.668961,Hybrid_V4 + SMA20_50_BB_long,H1
364,USDCAD,long,2026-02-23 18:00:15.212827,1.36914000,2026-02-23 20:35:57.243557,1.36965000,1.36604000,1.37204000,0.1800,5.10,model_exit,,2026-02-23 20:35:57.349102,Hybrid_V4 + SMA20_50_BB_long,H2
365,EURCAD,long,2026-02-23 20:00:47.421371,1.61503000,2026-02-23 21:35:14.616926,1.61510000,1.61193000,1.61793000,0.2200,0.70,model_exit,,2026-02-23 21:35:14.733548,Hybrid_V4 + SMA20_50_BB_long,H1
366,EURCAD,short,2026-02-23 20:00:47.422691,1.61479000,2026-02-23 22:05:23.266561,1.61484000,1.61793000,1.61193000,0.1700,-0.50,model_exit,,2026-02-23 22:05:23.417018,Hybrid_V4 + SMA20_50_BB_short,H2
367,EURCAD,long,2026-02-23 22:09:25.09153,1.61487000,2026-02-23 23:35:49.263575,1.61462000,1.61104000,1.61704000,0.2100,-2.50,model_exit,,2026-02-23 23:35:49.376445,Hybrid_V4 + SMA20_50_BB_long,H1
368,EURCAD,long,2026-02-23 23:01:39.793339,1.61473000,2026-02-23 23:35:49.263575,1.61462000,1.61148000,1.61748000,0.1900,-1.10,model_exit,,2026-02-23 23:35:49.468986,Hybrid_V4 + MACD_Stoch_long,M30
369,EURCAD,long,2026-02-23 16:00:47.119548,1.61442000,2026-02-24 00:05:56.808824,1.61464000,1.61137000,1.61737000,0.1900,2.20,model_exit,,2026-02-24 00:05:56.904741,Hybrid_V4 + SMA20_50_MACD_long,H8
370,USDCAD,long,2026-02-23 22:09:25.088749,1.37014000,2026-02-24 00:35:05.908666,1.36963000,1.36665000,1.37265000,0.1800,-5.10,model_exit,,2026-02-24 00:35:06.019578,Hybrid_V4 + SMA20_50_BB_long,H2
371,EURCAD,long,2026-02-24 00:05:56.958141,1.61493000,2026-02-24 09:05:00.243452,1.61456000,1.61180000,1.61780000,0.2100,-3.70,model_exit,,2026-02-24 09:05:00.402521,Hybrid_V4 + SMA20_50_BB_long,H1
372,EURCAD,long,2026-02-24 09:30:58.443209,1.61494000,2026-02-24 10:05:09.952186,1.61430000,1.61181000,1.61781000,0.1900,-6.40,model_exit,,2026-02-24 10:05:10.108579,Hybrid_V4 + MACD_cross_long,M30
373,EURCAD,long,2026-02-24 10:00:08.455609,1.61470000,2026-02-24 11:35:27.021093,1.61478000,1.61159000,1.61759000,0.2000,0.80,model_exit,,2026-02-24 11:35:27.126358,Hybrid_V4 + SMA20_50_BB_long,H1
374,USDCAD,long,2026-02-24 11:05:17.015676,1.37079000,2026-02-24 12:05:36.219312,1.37096000,1.36769000,1.37369000,0.2200,1.70,model_exit,,2026-02-24 12:05:36.33027,Hybrid_V4 + MACD_Stoch_long,H1
375,EURCAD,long,2026-02-24 12:05:36.474129,1.61531000,2026-02-24 13:05:54.516616,1.61484000,1.61218000,1.61818000,0.1900,-4.70,model_exit,,2026-02-24 13:05:54.624587,Hybrid_V4 + SMA20_50_BB_long,H1
376,USDCAD,short,2026-02-24 12:30:43.873493,1.37143000,2026-02-24 14:05:13.13321,1.37141000,1.37456000,1.36856000,0.2200,0.20,model_exit,,2026-02-24 14:05:13.232274,Hybrid_V4 + MACD_Stoch_short,M30
377,GBPUSD,long,2026-02-24 08:30:47.479394,1.34906000,2026-02-24 15:34:37.487112,1.35190000,1.34589000,1.35189000,0.2900,28.40,tp_hit,,2026-02-24 15:34:37.491363,Hybrid_V4 + MACD_Stoch_long,M30
378,USDCAD,long,2026-02-24 08:00:34.440508,1.37049000,2026-02-24 16:20:59.606494,1.37038000,1.36735000,1.37335000,0.2000,-1.10,model_exit,,2026-02-24 16:20:59.710926,Hybrid_V4 + SMA20_50_MACD_long,H8
379,EURCAD,long,2026-02-24 14:00:11.445407,1.61449000,2026-02-24 17:35:27.33623,1.61500000,1.61133000,1.61733000,0.2000,5.10,model_exit,,2026-02-24 17:35:27.448944,Hybrid_V4 + SMA20_50_BB_long,H1
380,EURCAD,long,2026-02-24 08:00:34.509243,1.61434000,2026-02-24 17:35:27.33623,1.61500000,1.61123000,1.61723000,0.1800,6.60,model_exit,,2026-02-24 17:35:27.554253,Hybrid_V4 + SMA20_50_MACD_long,H8
381,EURCAD,long,2026-02-24 18:00:35.726746,1.61533000,2026-02-24 18:35:52.751175,1.61430000,1.61219000,1.61819000,0.1800,-10.30,model_exit,,2026-02-24 18:35:52.903051,Hybrid_V4 + MACD_cross_long,M30
339,USDCAD,long,2026-02-20 20:00:47,1.36898000,2026-02-22 22:40:15.48937,1.36707000,1.36593000,1.37193000,0.0700,-19.10,broker_closed,,2026-02-22 22:40:15.496843,Hybrid_V4 + SMA20_50_BB_long,H2
340,EURCAD,short,2026-02-20 20:00:47,1.61236000,2026-02-22 22:40:15.531128,1.61397000,1.61549000,1.60949000,0.3000,-16.10,broker_closed,,2026-02-22 22:40:15.535798,Hybrid_V4 + SMA20_50_BB_short,H2
341,EURCAD,long,2026-02-20 18:00:51,1.61240000,2026-02-22 22:40:15.551444,1.61231000,1.60923000,1.61523000,0.2000,-0.90,broker_closed,,2026-02-22 22:40:15.55508,Hybrid_V4 + SMA20_50_Stoch_long,H6
342,EURCAD,long,2026-02-20 16:00:08,1.61231000,2026-02-22 22:40:15.569247,1.61231000,1.60912000,1.61512000,0.2300,0.00,broker_closed,,2026-02-22 22:40:15.573653,Hybrid_V4 + SMA20_50_Stoch_long,H8
343,USDCAD,long,2026-02-20 16:00:08,1.36825000,2026-02-22 22:40:15.587915,1.36707000,1.36511000,1.37111000,0.2100,-11.80,broker_closed,,2026-02-22 22:40:15.592637,Hybrid_V4 + SMA20_50_MACD_long,H8
382,EURGBP,short,2026-02-24 16:00:49.713097,0.87106000,2026-02-24 19:35:21.42101,0.87210000,0.87414000,0.86814000,0.1900,-10.40,model_exit,,2026-02-24 19:35:21.536619,Hybrid_V4 + SMA20_50_BB_short,H2
383,USDCAD,long,2026-02-24 18:00:35.720148,1.37059000,2026-02-24 19:42:53.077635,1.36972000,1.36754000,1.37354000,0.2500,-8.70,model_exit,,2026-02-24 19:42:53.19104,Hybrid_V4 + MACD_Stoch_long,H1
384,EURUSD,long,2026-02-24 18:00:35.645015,1.17862000,2026-02-24 21:05:23.66218,1.17754000,1.17559000,1.18159000,0.3400,-10.80,model_exit,,2026-02-24 21:05:23.780633,Hybrid_V4 + Stoch_K_oversold_long_25,H3
385,USDCAD,long,2026-02-24 18:00:35.716851,1.37059000,2026-02-24 21:05:23.866908,1.37027000,1.36754000,1.37354000,0.1400,-3.20,model_exit,,2026-02-24 21:05:23.972336,Hybrid_V4 + SMA20_50_BB_long,H2
386,EURCAD,long,2026-02-24 19:30:17.146671,1.61434000,2026-02-24 23:05:35.333949,1.61281000,1.61127000,1.61727000,0.2000,-15.30,model_exit,,2026-02-24 23:05:35.430614,Hybrid_V4 + MACD_cross_long,M30
387,EURGBP,short,2026-02-24 22:30:01.919076,0.87197000,2026-02-24 23:05:35.464648,0.87258000,0.87520000,0.86920000,0.1900,-6.10,model_exit,,2026-02-24 23:05:35.592813,Hybrid_V4 + SMA20_50_Stoch_BB_short,M30
388,EURGBP,short,2026-02-24 20:00:59.050506,0.87233000,2026-02-24 23:05:35.464648,0.87258000,0.87538000,0.86938000,0.2000,-2.50,model_exit,,2026-02-24 23:05:35.682414,Hybrid_V4 + SMA20_50_BB_short,H2
389,USDCAD,long,2026-02-24 22:09:51.82416,1.37082000,2026-02-25 00:35:39.749391,1.36996000,1.36725000,1.37325000,0.2100,-8.60,model_exit,,2026-02-25 00:35:39.865506,Hybrid_V4 + SMA20_50_BB_long,H2
390,EURGBP,short,2026-02-25 00:01:27.408548,0.87248000,2026-02-25 00:35:39.984148,0.87245000,0.87553000,0.86953000,0.2100,0.30,model_exit,,2026-02-25 00:35:40.091464,Hybrid_V4 + SMA20_50_Stoch_BB_short,M30
391,EURGBP,short,2026-02-25 01:05:49.509294,0.87214000,2026-02-25 01:48:51.025352,0.87237000,0.87520000,0.86920000,0.2000,-2.30,model_exit,,2026-02-25 01:48:51.117483,Hybrid_V4 + SMA20_50_Stoch_BB_short,M30
392,EURUSD,long,2026-02-25 00:00:26.663063,1.17760000,2026-02-25 03:05:20.562123,1.17902000,1.17439000,1.18039000,0.2800,14.20,model_exit,,2026-02-25 03:05:20.759924,Hybrid_V4 + Stoch_K_oversold_long_25,H3
393,EURCAD,long,2026-02-24 18:05:39.385581,1.61485000,2026-02-25 03:05:20.907461,1.61365000,1.61172000,1.61772000,0.2100,-12.00,model_exit,,2026-02-25 03:05:21.011978,Hybrid_V4 + SMA20_50_BB_long,H1
394,EURCAD,long,2026-02-25 04:00:38.647414,1.61401000,2026-02-25 04:35:51.172506,1.61380000,1.61080000,1.61680000,0.1300,-2.10,model_exit,,2026-02-25 04:35:51.388183,Hybrid_V4 + MACD_cross_long,M30
395,EURUSD,short,2026-02-24 16:00:49.65546,1.17721000,2026-02-25 05:42:14.54849,1.18035000,1.18035000,1.17435000,0.2900,-31.40,sl_hit,,2026-02-25 05:42:14.553559,Hybrid_V4 + SMA20_50_BB_short,H4
396,USDCAD,long,2026-02-25 00:00:26.711258,1.37031000,2026-02-25 07:02:40.529041,1.36734000,1.36734000,1.37334000,0.2000,-29.70,sl_hit,,2026-02-25 07:02:40.533312,Hybrid_V4 + SMA20_50_MACD_long,H8
397,USDCAD,long,2026-02-25 02:00:56.029808,1.36998000,2026-02-25 09:05:30.905985,1.36913000,1.36694000,1.37294000,0.2200,-8.50,model_exit,,2026-02-25 09:05:31.10487,Hybrid_V4 + SMA20_50_BB_long,H2
398,EURCAD,long,2026-02-25 00:00:26.714917,1.61366000,2026-02-25 09:05:31.208223,1.61400000,1.61037000,1.61637000,0.1900,3.40,model_exit,,2026-02-25 09:05:31.326709,Hybrid_V4 + SMA20_50_MACD_long,H8
399,EURGBP,short,2026-02-25 00:00:26.718502,0.87248000,2026-02-25 09:35:42.706704,0.87232000,0.87544000,0.86944000,0.1900,1.60,model_exit,,2026-02-25 09:35:42.812954,Hybrid_V4 + SMA20_50_BB_short,H2
400,EURGBP,short,2026-02-25 06:00:20.457628,0.87273000,2026-02-25 09:35:42.706704,0.87232000,0.87573000,0.86973000,0.1700,4.10,model_exit,,2026-02-25 09:35:42.900464,Hybrid_V4 + SMA20_50_Stoch_BB_short,M30
401,EURGBP,short,2026-02-25 09:30:40.536627,0.87234000,2026-02-25 10:49:53.251924,0.87189000,0.87538000,0.86938000,0.1900,4.50,model_exit,,2026-02-25 10:49:53.458295,Hybrid_V4 + MACD_Stoch_short,M30
402,USDCAD,long,2026-02-25 10:00:52.034213,1.36930000,2026-02-25 12:05:46.551093,1.36995000,1.36620000,1.37220000,0.2100,6.50,model_exit,,2026-02-25 12:05:46.740792,Hybrid_V4 + SMA20_50_BB_long,H2
403,EURCAD,long,2026-02-25 11:30:13.761456,1.61341000,2026-02-25 12:35:46.25751,1.61361000,1.61026000,1.61626000,0.2000,2.00,model_exit,,2026-02-25 12:35:46.390236,Hybrid_V4 + MACD_Stoch_long,M30
404,USDCHF,short,2026-02-25 12:31:44.730227,0.77499000,2026-02-25 13:05:57.70512,0.77469000,0.77808000,0.77208000,0.3300,3.00,model_exit,,2026-02-25 13:05:57.833533,Hybrid_V4 + RSI_BB_confluence_short,M30
405,EURGBP,short,2026-02-25 10:05:54.04726,0.87171000,2026-02-25 13:36:13.169697,0.87143000,0.87471000,0.86871000,0.1900,2.80,model_exit,,2026-02-25 13:36:13.299708,Hybrid_V4 + SMA20_50_BB_short,H2
406,USDCAD,long,2026-02-25 14:00:25.306607,1.37027000,2026-02-25 15:06:49.533502,1.36984000,1.36706000,1.37306000,0.2100,-4.30,broker_closed,,2026-02-25 15:06:49.538625,Hybrid_V4 + SMA20_50_BB_long,H2
407,USDCHF,short,2026-02-25 12:30:44.31403,0.77504000,2026-02-25 15:06:49.863227,0.77342000,0.77808000,0.77208000,0.3200,16.20,model_exit,,2026-02-25 15:06:50.017041,Hybrid_V4 + BB_RSI_Volume_short,M30
408,USDCAD,long,2026-02-25 08:00:59.928072,1.36829000,2026-02-25 16:05:14.183203,1.36796000,1.36539000,1.37139000,0.2000,-3.30,model_exit,,2026-02-25 16:05:14.326809,Hybrid_V4 + SMA20_50_MACD_long,H8
409,EURCAD,long,2026-02-25 16:30:25.104888,1.61449000,2026-02-25 17:05:37.634061,1.61529000,1.61129000,1.61729000,0.1900,8.00,model_exit,,2026-02-25 17:05:37.750219,Hybrid_V4 + MACD_cross_long,M30
410,EURCAD,long,2026-02-25 17:35:48.46656,1.61572000,2026-02-25 18:05:58.770453,1.61557000,1.61268000,1.61868000,0.1900,-1.50,model_exit,,2026-02-25 18:05:58.960154,Hybrid_V4 + MACD_cross_long,M30
411,EURGBP,short,2026-02-25 16:00:12.032271,0.87202000,2026-02-25 18:05:58.985486,0.87104000,0.87504000,0.86904000,0.2200,9.80,model_exit,,2026-02-25 18:05:59.085113,Hybrid_V4 + SMA20_50_BB_short,H2
412,USDCAD,long,2026-02-25 16:00:12.021694,1.36813000,2026-02-25 18:35:11.429635,1.36775000,1.36512000,1.37112000,0.1200,-3.80,model_exit,,2026-02-25 18:35:11.640134,Hybrid_V4 + SMA20_50_BB_long,H2
413,USDCAD,long,2026-02-25 17:00:35.977572,1.36868000,2026-02-25 18:35:11.429635,1.36775000,1.36560000,1.37160000,0.2200,-9.30,model_exit,,2026-02-25 18:35:11.829684,Hybrid_V4 + MACD_Stoch_long,H1
414,EURGBP,short,2026-02-25 20:00:38.912473,0.87122000,2026-02-25 22:05:25.542343,0.87155000,0.87426000,0.86826000,0.2100,-3.30,model_exit,,2026-02-25 22:05:25.762267,Hybrid_V4 + SMA20_50_BB_short,H2
415,EURUSD,short,2026-02-23 12:00:25.362474,1.17837000,2026-02-25 23:46:56.524538,1.18167000,1.18165000,1.17565000,0.2900,-33.00,sl_hit,,2026-02-25 23:46:56.528453,Hybrid_V4 + SMA20_50_Stoch_BB_short,H4
416,EURUSD,short,2026-02-25 04:00:38.634805,1.17901000,2026-02-26 01:00:26.522537,1.18200000,1.18200000,1.17600000,0.3400,-29.90,sl_hit,,2026-02-26 01:00:26.5303,Hybrid_V4 + SMA20_50_RSI_Stoch_short,M30
417,EURUSD,short,2026-02-25 08:00:59.918192,1.17995000,2026-02-26 01:25:36.337603,1.18276000,1.18275000,1.17675000,0.2800,-28.10,sl_hit,,2026-02-26 01:25:36.342164,Hybrid_V4 + SMA20_50_BB_short,H4
418,EURCAD,long,2026-02-26 00:00:01.222961,1.61582000,2026-02-26 01:35:39.965203,1.61565000,1.61268000,1.61868000,0.0700,-1.70,model_exit,,2026-02-26 01:35:40.077232,Hybrid_V4 + SMA20_50_BB_long,H1
419,EURCAD,long,2026-02-26 00:30:15.741581,1.61549000,2026-02-26 01:35:39.965203,1.61565000,1.61231000,1.61831000,0.2000,1.60,model_exit,,2026-02-26 01:35:40.207542,Hybrid_V4 + MACD_cross_long,M30
420,EURGBP,short,2026-02-26 01:00:27.035296,0.87137000,2026-02-26 01:35:40.229578,0.87150000,0.87437000,0.86837000,0.2000,-1.30,model_exit,,2026-02-26 01:35:40.327413,Hybrid_V4 + SMA20_50_Stoch_BB_short,M30
421,EURGBP,short,2026-02-26 00:00:01.23484,0.87143000,2026-02-26 02:05:07.731797,0.87153000,0.87449000,0.86849000,0.2000,-1.00,model_exit,,2026-02-26 02:05:07.879349,Hybrid_V4 + SMA20_50_BB_short,H2
422,USDCAD,long,2026-02-25 20:00:38.90636,1.36793000,2026-02-26 03:05:28.362879,1.36683000,1.36482000,1.37082000,0.1100,-11.00,model_exit,,2026-02-26 03:05:28.531168,Hybrid_V4 + SMA20_50_BB_long,H2
423,EURGBP,short,2026-02-26 02:30:16.446798,0.87150000,2026-02-26 03:35:37.853172,0.87158000,0.87455000,0.86855000,0.1700,-0.80,model_exit,,2026-02-26 03:35:38.039935,Hybrid_V4 + SMA20_50_Stoch_BB_short,M30
424,EURCAD,long,2026-02-26 02:00:05.114036,1.61586000,2026-02-26 04:35:59.04629,1.61514000,1.61269000,1.61869000,0.1600,-7.20,model_exit,,2026-02-26 04:35:59.221441,Hybrid_V4 + SMA20_50_BB_long,H1
425,EURGBP,short,2026-02-26 04:30:57.112629,0.87174000,2026-02-26 06:05:34.747592,0.87177000,0.87478000,0.86878000,0.2100,-0.30,model_exit,,2026-02-26 06:05:34.861427,Hybrid_V4 + SMA20_50_Stoch_BB_short,M30
426,EURGBP,short,2026-02-26 04:00:45.004097,0.87168000,2026-02-26 06:35:45.348812,0.87183000,0.87472000,0.86872000,0.1800,-1.50,model_exit,,2026-02-26 06:35:45.526872,Hybrid_V4 + SMA20_50_BB_short,H2
427,USDCAD,long,2026-02-26 04:00:44.942286,1.36735000,2026-02-26 07:05:58.042499,1.36678000,1.36430000,1.37030000,0.0500,-5.70,model_exit,,2026-02-26 07:05:58.153379,Hybrid_V4 + SMA20_50_BB_long,H2
428,USDCAD,short,2026-02-26 08:30:33.8586,1.36763000,2026-02-26 10:05:16.21281,1.36785000,1.37077000,1.36477000,0.2200,-2.20,model_exit,,2026-02-26 10:05:16.330144,Hybrid_V4 + MACD_Stoch_short,M30
429,EURGBP,short,2026-02-26 06:35:45.593178,0.87173000,2026-02-26 10:05:16.46369,0.87211000,0.87478000,0.86878000,0.1800,-3.80,model_exit,,2026-02-26 10:05:16.607522,Hybrid_V4 + SMA20_50_Stoch_BB_short,M30
430,EURGBP,short,2026-02-26 08:00:22.614643,0.87215000,2026-02-26 10:05:16.46369,0.87211000,0.87521000,0.86921000,0.1600,0.40,model_exit,,2026-02-26 10:05:16.711398,Hybrid_V4 + SMA20_50_BB_short,H2
431,EURCAD,long,2026-02-26 05:06:13.355285,1.61544000,2026-02-26 12:05:50.608165,1.61496000,1.61243000,1.61843000,0.1900,-4.80,model_exit,,2026-02-26 12:05:50.714801,Hybrid_V4 + SMA20_50_BB_long,H1
432,USDCHF,short,2026-02-26 12:01:48.120355,0.77507000,2026-02-26 13:05:29.012197,0.77416000,0.77816000,0.77216000,0.3300,9.10,model_exit,,2026-02-26 13:05:29.143098,Hybrid_V4 + RSI_BB_confluence_short,M30
433,EURCAD,long,2026-02-26 13:00:26.118294,1.61518000,2026-02-26 14:05:55.653625,1.61543000,1.61207000,1.61807000,0.2100,2.50,model_exit,,2026-02-26 14:05:55.793909,Hybrid_V4 + SMA20_50_BB_long,H1
434,EURUSD,short,2026-02-26 04:01:45.875603,1.18165000,2026-02-26 15:26:36.061819,1.17874000,1.18475000,1.17875000,0.2800,29.10,tp_hit,,2026-02-26 15:26:36.065259,Hybrid_V4 + Stoch_RSI_short_15_35,H2
435,EURUSD,short,2026-02-26 04:00:44.925129,1.18166000,2026-02-26 15:26:36.091684,1.17870000,1.18470000,1.17870000,0.2700,29.60,tp_hit,,2026-02-26 15:26:36.097142,Hybrid_V4 + Stoch_RSI_short_20_35,H2
436,EURUSD,short,2026-02-26 04:01:45.87283,1.18165000,2026-02-26 15:26:36.113477,1.17874000,1.18475000,1.17875000,0.2800,29.10,tp_hit,,2026-02-26 15:26:36.117346,Hybrid_V4 + SMA20_50_BB_short,H4
437,EURUSD,short,2026-02-26 00:00:01.11554,1.18145000,2026-02-26 15:28:36.74146,1.17848000,1.18451000,1.17851000,0.3000,29.70,tp_hit,,2026-02-26 15:28:36.747451,Hybrid_V4 + SMA20_50_Stoch_BB_short,H4
438,EURGBP,short,2026-02-26 12:01:48.11624,0.87218000,2026-02-26 15:35:39.916279,0.87278000,0.87529000,0.86929000,0.2000,-6.00,model_exit,,2026-02-26 15:35:40.044665,Hybrid_V4 + SMA20_50_Stoch_short,H3
439,EURGBP,short,2026-02-26 12:02:48.866187,0.87219000,2026-02-26 15:35:39.916279,0.87278000,0.87521000,0.86921000,0.2200,-5.90,model_exit,,2026-02-26 15:35:40.146737,Hybrid_V4 + SMA20_50_BB_short,H2
440,EURCAD,long,2026-02-26 15:00:24.225376,1.61690000,2026-02-26 15:54:45.726163,1.61377000,1.61379000,1.61979000,0.2000,-31.30,sl_hit,,2026-02-26 15:54:45.731737,Hybrid_V4 + SMA20_50_BB_long,H1
441,EURGBP,short,2026-02-26 12:00:47.458911,0.87224000,2026-02-26 17:56:47.987875,0.87527000,0.87526000,0.86926000,0.1900,-30.30,sl_hit,,2026-02-26 17:56:47.993324,Hybrid_V4 + SMA20_50_MACD_short,H4
442,EURCAD,long,2026-02-26 17:30:53.932221,1.61264000,2026-02-26 19:35:43.275984,1.61345000,1.60955000,1.61555000,0.2100,8.10,model_exit,,2026-02-26 19:35:43.402165,Hybrid_V4 + MACD_Stoch_long,M30
443,EURCAD,long,2026-02-26 16:24:59.515682,1.61395000,2026-02-26 21:05:28.717444,1.61411000,1.61078000,1.61678000,0.0900,1.60,model_exit,,2026-02-26 21:05:28.825721,Hybrid_V4 + SMA20_50_BB_long,H1
444,USDCAD,long,2026-02-27 00:00:42.626355,1.36785000,2026-02-27 01:49:37.114761,1.36803000,1.36468000,1.37068000,0.2700,1.80,model_exit,,2026-02-27 01:49:37.226492,Hybrid_V4 + MACD_Stoch_long,H1
445,EURUSD,long,2026-02-26 21:05:29.053194,1.18022000,2026-02-27 04:35:46.464519,1.18096000,1.17720000,1.18320000,0.2900,7.40,model_exit,,2026-02-27 04:35:46.709495,Hybrid_V4 + Stoch_K_oversold_long_25,H3
446,EURCAD,long,2026-02-27 05:00:55.34614,1.61420000,2026-02-27 05:35:08.941771,1.61344000,1.61105000,1.61705000,0.1900,-7.60,model_exit,,2026-02-27 05:35:09.144131,Hybrid_V4 + MACD_cross_long,M30
447,EURGBP,short,2026-02-26 16:05:51.021465,0.87301000,2026-02-27 06:21:27.170942,0.87609000,0.87609000,0.87009000,0.1900,-30.80,sl_hit,,2026-02-27 06:21:27.174676,Hybrid_V4 + SMA20_50_BB_short,H2
448,EURGBP,short,2026-02-26 19:35:43.630211,0.87464000,2026-02-27 08:35:21.174637,0.87560000,0.87772000,0.87172000,0.2200,-9.60,model_exit,,2026-02-27 08:35:21.369989,Hybrid_V4 + Stoch_RSI_short_15_25,M30
449,EURGBP,short,2026-02-26 18:30:05.910064,0.87540000,2026-02-27 08:35:21.174637,0.87560000,0.87829000,0.87229000,0.2000,-2.00,model_exit,,2026-02-27 08:35:21.465256,Hybrid_V4 + Stoch_RSI_short_25_30,M30
450,EURGBP,short,2026-02-26 18:30:05.90756,0.87540000,2026-02-27 08:35:21.174637,0.87560000,0.87829000,0.87229000,0.2000,-2.00,model_exit,,2026-02-27 08:35:21.558007,Hybrid_V4 + Stoch_RSI_short_15_30,M30
451,EURGBP,short,2026-02-27 06:30:30.495908,0.87625000,2026-02-27 08:35:21.174637,0.87560000,0.87929000,0.87329000,0.1800,6.50,model_exit,,2026-02-27 08:35:21.647622,Hybrid_V4 + MACD_Stoch_short,M30
